Date,Close,Volume
2026-01-1,-0.59,18467
2026-01-2,0.34,26500
2026-01-3,0.69,15724
2026-01-4,-0.22,29358
2026-01-5,0.62,24464
2026-01-6,0.05,28145
2026-01-7,-0.19,16827
2026-01-8,0.61,491
2026-01-9,0.95,11942
2026-01-10,-0.73,5436
2026-01-11,0.91,14604
2026-01-12,0.02,153
2026-01-13,-0.08,12382
2026-01-14,-0.79,18716
2026-01-15,0.18,19895
2026-01-16,-0.53,21726
2026-01-17,0.71,11538
2026-01-18,-0.31,19912
2026-01-19,-0.33,26299
2026-01-20,-0.65,9894
2026-01-21,0.03,23811
2026-01-22,0.22,30333
2026-01-23,-0.27,4664
2026-01-24,0.41,7711
2026-01-25,-0.47,6868
2026-01-26,0.47,27644
2026-01-27,-0.38,32757
2026-01-28,-0.63,12859
2026-01-29,0.23,9741
2026-01-30,0.29,778
2026-01-31,0.16,3035
2026-01-32,0.9,1842
2026-01-33,-0.12,30106
2026-01-34,-0.6,8942
2026-01-35,-0.36,22648
2026-01-36,-0.54,23805
2026-01-37,-0.1,6729
2026-01-38,0.7,15350
2026-01-39,-0.94,31101
2026-01-40,0.93,3548
2026-01-41,-0.71,12623
2026-01-42,-0.16,19954
2026-01-43,0.56,11840
2026-01-44,0.66,7376
2026-01-45,0.31,26308
2026-01-46,0.44,32439
2026-01-47,-0.74,11323
2026-01-48,0.37,21538
2026-01-49,0.18,2082
2026-01-50,0.29,16541
2026-01-51,-0.67,31115
2026-01-52,-0.61,29658
2026-01-53,0.04,9930
2026-01-54,0.77,2306
2026-01-55,-0.27,22386
2026-01-56,-0.79,28745
2026-01-57,0.24,19072
2026-01-58,-0.3,5829
2026-01-59,0.77,15573
2026-01-60,-0.03,16512
2026-01-61,0.86,13290
2026-01-62,0.61,18636
2026-01-63,0.55,24767
2026-01-64,-0.45,15574
2026-01-65,-0.69,12052
2026-01-66,0.5,1150
2026-01-67,0.41,21724
2026-01-68,0.66,3430
2026-01-69,0.07,30191
2026-01-70,-0.93,11337
2026-01-71,-0.43,12287
2026-01-72,0.53,10383
2026-01-73,0.45,8909
2026-01-74,-0.91,9758
2026-01-75,-0.79,18588
2026-01-76,-0.78,24946
2026-01-77,0.06,13030
2026-01-78,-0.87,29168
2026-01-79,0,32591
2026-01-80,0.62,1655
2026-01-81,-0.9,6359
2026-01-82,-0.76,20537
2026-01-83,0.48,6483
2026-01-84,0.95,4041
2026-01-85,-0.98,24350
2026-01-86,-0.09,30836
2026-01-87,0.74,11020
2026-01-88,0.96,24021
2026-01-89,0.48,23199
2026-01-90,-0.32,24484
2026-01-91,-0.19,4734
2026-01-92,-0.47,1999
2026-01-93,-0.82,27938
2026-01-94,0,3788
2026-01-95,0.27,467
2026-01-96,0.28,14893
2026-01-97,-0.52,22483
2026-01-98,-0.93,2421
2026-01-99,0.1,6617
2026-01-100,-0.87,9514
2026-01-101,0.09,7616
2026-01-102,0.35,17451
2026-01-103,-1,5249
2026-01-104,0.19,31556
2026-01-105,0.98,30303
2026-01-106,-0.76,11008
2026-01-107,-0.56,32609
2026-01-108,0.89,32702
2026-01-109,0.95,20485
2026-01-110,-0.07,14343
2026-01-111,0.23,1587
2026-01-112,0.14,9503
2026-01-113,-0.52,25200
2026-01-114,-0.42,6618
2026-01-115,0.8,19796
2026-01-116,0.98,15281
2026-01-117,0.89,20798
2026-01-118,-0.91,27157
2026-01-119,-0.28,23622
2026-01-120,0.38,12292
2026-01-121,-0.62,24179
2026-01-122,0.9,29657
2026-01-123,0.58,6191
2026-01-124,-0.85,22888
2026-01-125,0.56,11511
2026-01-126,-0.98,2634
2026-01-127,-0.28,20055
2026-01-128,0.28,22646
2026-01-129,0.62,4886
2026-01-130,-0.25,28433
2026-01-131,-0.31,20142
2026-01-132,-0.56,1416
2026-01-133,-0.19,31998
2026-01-134,0.22,18651
2026-01-135,-0.79,5699
2026-01-136,0.57,28476
2026-01-137,-0.08,24389
2026-01-138,-0.25,10712
2026-01-139,-1,2510
2026-01-140,-0.97,26869
2026-01-141,-0.39,14688
2026-01-142,-0.99,9789
2026-01-143,-0.45,16423
2026-01-144,-0.98,10585
2026-01-145,0.82,10285
2026-01-146,-0.12,31426
2026-01-147,-0.83,23757
2026-01-148,-0.68,30932
2026-01-149,0.69,2154
2026-01-150,0.21,17189
2026-01-151,0.76,31329
2026-01-152,0.68,28692
2026-01-153,-0.75,10555
2026-01-154,-0.66,16549
2026-01-155,-0.59,9512
2026-01-156,0.45,18060
2026-01-157,0.18,3753
2026-01-158,0.39,12423
2026-01-159,-0.21,25996
2026-01-160,-0.13,12529
2026-01-161,0.49,17437
2026-01-162,-0.34,12949
2026-01-163,0.93,23195
2026-01-164,-0.03,20416
2026-01-165,-0.14,16105
2026-01-166,-0.12,16282
2026-01-167,-0.45,25734
2026-01-168,0.14,11701
2026-01-169,0.16,20671
2026-01-170,0.86,12263
2026-01-171,0.13,24355
2026-01-172,0.85,20053
2026-01-173,0.12,10808
2026-01-174,-0.68,20945
2026-01-175,0.13,27756
2026-01-176,0.21,19558
2026-01-177,-0.54,27982
2026-01-178,-0.19,4144
2026-01-179,0.96,20222
2026-01-180,0.29,2161
2026-01-181,0.35,20450
2026-01-182,0.73,10466
2026-01-183,-0.56,21659
2026-01-184,-0.08,26439
2026-01-185,-0.47,20024
2026-01-186,0.54,29510
2026-01-187,0.45,20649
2026-01-188,0.86,8313
2026-01-189,-0.26,28022
2026-01-190,0.68,14018
2026-01-191,0.87,9905
2026-01-192,0.58,7391
2026-01-193,-0.98,3625
2026-01-194,-0.23,4414
2026-01-195,0.14,25824
2026-01-196,0.34,25874
2026-01-197,0.72,20159
2026-01-198,-0.67,28070
2026-01-199,-0.13,28297
2026-01-200,0.18,8177
2026-01-201,0.73,32270
2026-01-202,0.63,2668
2026-01-203,0.92,13985
2026-01-204,0.02,8480
2026-01-205,-0.87,7627
2026-01-206,-0.98,4099
2026-01-207,0.27,2625
2026-01-208,0.43,1924
2026-01-209,-0.77,29972
2026-01-210,-0.39,14181
2026-01-211,-0.97,27432
2026-01-212,0.05,27593
2026-01-213,0.25,13031
2026-01-214,-0.08,142
2026-01-215,-0.78,31286
2026-01-216,-0.36,7900
2026-01-217,0.87,8360
2026-01-218,-0.87,30974
2026-01-219,-0.3,29170
2026-01-220,-0.65,30833
2026-01-221,0.11,25760
2026-01-222,-0.04,4667
2026-01-223,-0.15,12550
2026-01-224,0.4,13694
2026-01-225,-0.05,21624
2026-01-226,-0.81,2125
2026-01-227,0.76,21694
2026-01-228,-0.42,26302
2026-01-229,0.71,22466
2026-01-230,-0.22,22593
2026-01-231,-0.49,25484
2026-01-232,-0.82,28464
2026-01-233,0.19,23152
2026-01-234,-1,18087
2026-01-235,-0.4,1926
2026-01-236,-0.9,4757
2026-01-237,0.7,20315
2026-01-238,0.76,30227
2026-01-239,-0.57,22758
2026-01-240,0.64,5109
2026-01-241,-0.18,17086
2026-01-242,0.65,3487
2026-01-243,0.77,14474
2026-01-244,-0.75,25627
2026-01-245,-0.71,31928
2026-01-246,-0.77,28520
2026-01-247,0.02,14962
2026-01-248,0.23,24596
2026-01-249,0.37,13261
2026-01-250,0.95,32525
2026-01-251,-0.36,8260
2026-01-252,-0.98,8116
2026-01-253,-0.7,20326
2026-01-254,-0.89,30771
2026-01-255,-0.89,25547
2026-01-256,0.53,21520
2026-01-257,0.9,14924
2026-01-258,0.88,21763
2026-01-259,0.4,20851
2026-01-260,-0.38,13829
2026-01-261,0,17713
2026-01-262,0.58,17578
2026-01-263,0.65,13007
2026-01-264,-0.23,1200
2026-01-265,-0.42,6439
2026-01-266,0.03,12760
2026-01-267,0.57,2324
2026-01-268,-0.23,5108
2026-01-269,0.13,14887
2026-01-270,-0.99,22850
2026-01-271,-0.4,22428
2026-01-272,0.93,27384
2026-01-273,-0.95,6540
2026-01-274,0.11,28704
2026-01-275,-0.65,32356
2026-01-276,-0.28,29350
2026-01-277,-0.77,14485
2026-01-278,0.56,23216
2026-01-279,-0.74,9357
2026-01-280,0.26,13357
2026-01-281,0.37,23271
2026-01-282,-0.31,29361
2026-01-283,-0.04,13022
2026-01-284,-0.83,10112
2026-01-285,0.17,18696
2026-01-286,0.85,24041
2026-01-287,-0.77,24129
2026-01-288,-0.71,4565
2026-01-289,0.59,8932
2026-01-290,-0.04,29855
2026-01-291,-0.47,16962
2026-01-292,0.84,29734
2026-01-293,-0.46,16972
2026-01-294,-0.43,14369
2026-01-295,0.32,2963
2026-01-296,-0.93,2483
2026-01-297,0.11,11635
2026-01-298,-0.33,22848
2026-01-299,-0.25,12938
2026-01-300,-0.77,22142
2026-01-301,0.54,6511
2026-01-302,0.41,20175
2026-01-303,-0.41,17825
2026-01-304,-0.79,17870
2026-01-305,-0.74,31934
2026-01-306,-0.95,31783
2026-01-307,-0.5,17398
2026-01-308,-0.21,22701
2026-01-309,0.93,12734
2026-01-310,-0.63,26534
2026-01-311,0.56,1993
2026-01-312,0.76,25705
2026-01-313,0.62,10548
2026-01-314,-0.19,300
2026-01-315,-0.87,16641
2026-01-316,-0.45,24855
2026-01-317,0.42,11462
2026-01-318,-0.89,30877
2026-01-319,-0.76,32678
2026-01-320,0.52,18443
2026-01-321,-0.04,12673
2026-01-322,-0.6,9313
2026-01-323,-0.25,20072
2026-01-324,-0.82,610
2026-01-325,-0.83,14932
2026-01-326,0.12,30695
2026-01-327,0.69,23831
2026-01-328,-0.6,26488
2026-01-329,-0.15,19090
2026-01-330,-0.03,2589
2026-01-331,0.9,15145
2026-01-332,0.53,19314
2026-01-333,-0.49,26740
2026-01-334,-0.56,11258
2026-01-335,0.35,8759
2026-01-336,0.92,7605
2026-01-337,-0.36,12181
2026-01-338,0.03,3829
2026-01-339,0.75,20608
2026-01-340,-0.08,5997
2026-01-341,0.49,29556
2026-01-342,0.61,31627
2026-01-343,-0.33,29541
2026-01-344,0.29,31240
2026-01-345,-0.87,29174
2026-01-346,-0.99,6077
2026-01-347,-0.85,8683
2026-01-348,-0.87,23992
2026-01-349,-0.76,5601
2026-01-350,0.92,15759
2026-01-351,-0.3,26428
2026-01-352,-0.73,4084
2026-01-353,-0.25,18786
2026-01-354,-0.02,24970
2026-01-355,-0.13,23847
2026-01-356,-0.96,503
2026-01-357,-0.79,22663
2026-01-358,0.06,2363
2026-01-359,-0.9,22171
2026-01-360,-0.11,18240
2026-01-361,0.64,25542
2026-01-362,-0.81,20913
2026-01-363,0.91,6704
2026-01-364,-0.82,9232
2026-01-365,0.5,25205
2026-01-366,0.75,1539
2026-01-367,0.03,11422
2026-01-368,-0.02,11247
2026-01-369,0.84,13648
2026-01-370,0.71,17864
2026-01-371,0.13,11075
2026-01-372,0.45,28712
2026-01-373,0.46,18678
2026-01-374,0.69,15262
2026-01-375,0.19,13985
2026-01-376,-0.11,15944
2026-01-377,-0.35,18540
2026-01-378,-0.55,25508
2026-01-379,0.18,27870
2026-01-380,-0.99,28323
2026-01-381,0.32,24472
2026-01-382,0.52,25087
2026-01-383,0.7,29763
2026-01-384,0.01,17103
2026-01-385,-0.77,3527
2026-01-386,-1,26969
2026-01-387,-0.85,5565
2026-01-388,-0.72,21543
2026-01-389,0.47,2088
2026-01-390,0.43,12637
2026-01-391,-0.91,26463
2026-01-392,-0.51,4681
2026-01-393,0.88,11342
2026-01-394,-0.92,32060
2026-01-395,-0.79,1758
2026-01-396,0.54,20888
2026-01-397,0.46,690
2026-01-398,0.49,12843
2026-01-399,-0.7,25620
2026-01-400,0.48,27067
2026-01-401,0.36,20783
2026-01-402,-0.65,32226
2026-01-403,0.85,7038
2026-01-404,-0.47,25629
2026-01-405,-0.76,15748
2026-01-406,0.23,3359
2026-01-407,-0.43,24766
2026-01-408,0.44,14955
2026-01-409,0.18,32726
2026-01-410,-0.89,21025
2026-01-411,0.55,31001
2026-01-412,0.49,9496
2026-01-413,0.84,9515
2026-01-414,0.64,23342
2026-01-415,-0.25,17913
2026-01-416,0.42,31196
2026-01-417,0.48,25072
2026-01-418,-0.74,14606
2026-01-419,0.73,24429
2026-01-420,-0.96,6705
2026-01-421,-0.74,29812
2026-01-422,0.75,30093
2026-01-423,0.65,16036
2026-01-424,0.36,29141
2026-01-425,-0.86,5994
2026-01-426,-0.44,6652
2026-01-427,0.36,30838
2026-01-428,-0.18,1355
2026-01-429,-0.85,1131
2026-01-430,-0.7,17841
2026-01-431,-0.75,2011
2026-01-432,-0.63,4186
2026-01-433,-0.1,1650
2026-01-434,-0.38,21634
2026-01-435,-0.07,10353
2026-01-436,-0.84,13452
2026-01-437,-0.92,7262
2026-01-438,-0.67,5454
2026-01-439,0.03,16634
2026-01-440,0.03,14256
2026-01-441,0.48,11124
2026-01-442,0.17,4213
2026-01-443,0.09,24028
2026-01-444,-1,21080
2026-01-445,0.18,16858
2026-01-446,-0.5,24155
2026-01-447,0.61,15264
2026-01-448,0.03,3676
2026-01-449,-0.57,26909
2026-01-450,0.02,3561
2026-01-451,-0.11,24948
2026-01-452,-0.18,13653
2026-01-453,-0.26,2220
2026-01-454,-0.98,6923
2026-01-455,-0.69,19369
2026-01-456,-0.22,20259
2026-01-457,-0.92,22619
2026-01-458,0.71,30003
2026-01-459,0.45,9781
2026-01-460,0.04,12392
2026-01-461,-0.15,25313
2026-01-462,-0.02,5589
2026-01-463,0.22,5938
2026-01-464,-0.63,6410
2026-01-465,-0.39,6234
2026-01-466,0.08,9961
2026-01-467,0.59,6493
2026-01-468,0.15,25269
2026-01-469,0.37,28869
2026-01-470,-0.42,14700
2026-01-471,0.71,26264
2026-01-472,0.17,16215
2026-01-473,0.55,7815
2026-01-474,0.3,3039
2026-01-475,-0.88,29288
2026-01-476,-0.18,1954
2026-01-477,-0.15,20710
2026-01-478,-0.16,24774
2026-01-479,0.8,29815
2026-01-480,0.51,6541
2026-01-481,0.15,1679
2026-01-482,0.1,25898
2026-01-483,-0.27,788
2026-01-484,0.77,18132
2026-01-485,0.56,28689
2026-01-486,0.13,10008
2026-01-487,0.41,15790
2026-01-488,0.23,21363
2026-01-489,-0.72,25184
2026-01-490,0.78,7200
2026-01-491,-0.29,1885
2026-01-492,0.74,1071
2026-01-493,0.33,22867
2026-01-494,0.53,14295
2026-01-495,0.68,20825
2026-01-496,-0.24,15629
2026-01-497,-0.5,2598
2026-01-498,0.09,4693
2026-01-499,-0.14,30080
2026-01-500,0.16,12249
2026-01-501,-0.33,1528
2026-01-502,-0.21,7864
2026-01-503,-0.79,8405
2026-01-504,-0.74,6816
2026-01-505,0.16,27726
2026-01-506,-0.34,29087
2026-01-507,-0.19,19964
2026-01-508,0.4,5686
2026-01-509,-0.79,11662
2026-01-510,0.21,6064
2026-01-511,0.09,20415
2026-01-512,0.02,29873
2026-01-513,0.24,23941
2026-01-514,0.45,31762
2026-01-515,-0.77,27531
2026-01-516,-0.94,12268
2026-01-517,0.18,5602
2026-01-518,0.07,24307
2026-01-519,-0.19,1012
2026-01-520,0.36,26630
2026-01-521,0.14,26809
2026-01-522,-0.16,23556
2026-01-523,-0.1,21293
2026-01-524,0.96,29152
2026-01-525,-0.46,25345
2026-01-526,0.08,248
2026-01-527,-0.09,13712
2026-01-528,0.31,30114
2026-01-529,-0.61,7958
2026-01-530,0.22,29704
2026-01-531,0.95,1052
2026-01-532,-0.31,7479
2026-01-533,-0.62,26423
2026-01-534,0.18,10866
2026-01-535,-0.41,32498
2026-01-536,-0.14,21196
2026-01-537,-0.38,26633
2026-01-538,0.58,12022
2026-01-539,0.46,18392
2026-01-540,-0.63,3925
2026-01-541,-0.53,29458
2026-01-542,-0.98,30807
2026-01-543,-0.02,27830
2026-01-544,-0.08,14600
2026-01-545,-0.22,20799
2026-01-546,0.52,20448
2026-01-547,-0.18,540
2026-01-548,0.15,4575
2026-01-549,0.62,9567
2026-01-550,0.36,18397
2026-01-551,-0.82,19897
2026-01-552,-0.72,13851
2026-01-553,-0.84,24230
2026-01-554,-0.51,16925
2026-01-555,-0.42,229
2026-01-556,0.2,10940
2026-01-557,0.6,15147
2026-01-558,0.62,1655
2026-01-559,-0.25,792
2026-01-560,0.61,31754
2026-01-561,0.98,23146
2026-01-562,0.14,26946
2026-01-563,0.88,19569
2026-01-564,-0.62,27663
2026-01-565,-0.25,24515
2026-01-566,0.21,475
2026-01-567,-0.85,20528
2026-01-568,-0.66,12570
2026-01-569,0.05,9464
2026-01-570,0.57,28962
2026-01-571,0.61,30524
2026-01-572,0.49,17469
2026-01-573,0.3,31923
2026-01-574,0.5,14333
2026-01-575,0.25,10910
2026-01-576,0.37,16336
2026-01-577,0.37,1278
2026-01-578,0.93,7636
2026-01-579,0.14,28164
2026-01-580,0.91,19949
2026-01-581,0.35,2505
2026-01-582,0.37,10004
2026-01-583,0.37,2623
2026-01-584,-0.36,9970
2026-01-585,-0.92,30568
2026-01-586,-0.19,7085
2026-01-587,0.52,18373
2026-01-588,-0.48,8194
2026-01-589,-0.24,23826
2026-01-590,0.96,7572
2026-01-591,-0.51,14640
2026-01-592,0.74,18819
2026-01-593,0.43,32611
2026-01-594,0.41,20289
2026-01-595,-0.81,5565
2026-01-596,-0.95,7585
2026-01-597,-0.84,31450
2026-01-598,-0.85,2609
2026-01-599,-0.36,9166
2026-01-600,-0.07,16074
2026-01-601,0.09,30300
2026-01-602,-0.05,9573
2026-01-603,0.89,13161
2026-01-604,0.72,17968
2026-01-605,0.58,26031
2026-01-606,-0.32,19426
2026-01-607,0.1,10422
2026-01-608,0.74,8779
2026-01-609,0.1,23552
2026-01-610,0.82,25391
2026-01-611,-0.05,5764
2026-01-612,-0.26,1364
2026-01-613,0.02,28255
2026-01-614,-0.4,474
2026-01-615,0.72,26821
2026-01-616,0.22,25547
2026-01-617,0.77,9789
2026-01-618,-0.95,30195
2026-01-619,0.94,7950
2026-01-620,0.43,754
2026-01-621,-0.19,1012
2026-01-622,-0.28,23439
2026-01-623,-0.72,5912
2026-01-624,0.62,5967
2026-01-625,-0.92,4415
2026-01-626,0.08,17223
2026-01-627,0.59,26434
2026-01-628,-0.96,29486
2026-01-629,0.19,958
2026-01-630,0.45,26806
2026-01-631,0.66,18700
2026-01-632,0.67,17692
2026-01-633,0.87,28532
2026-01-634,0.56,30974
2026-01-635,-0.53,5021
2026-01-636,-0.17,26222
2026-01-637,0.31,2376
2026-01-638,0.83,26948
2026-01-639,0.23,17982
2026-01-640,-0.82,14776
2026-01-641,-0.8,31111
2026-01-642,0.82,23856
2026-01-643,-0.1,8925
2026-01-644,0.24,6486
2026-01-645,-0.23,15969
2026-01-646,-0.57,7534
2026-01-647,-0.23,22668
2026-01-648,-0.32,21991
2026-01-649,0.96,7783
2026-01-650,-0.72,7727
2026-01-651,-0.74,15871
2026-01-652,-0.03,17612
2026-01-653,0.03,11027
2026-01-654,-0.92,5545
2026-01-655,0.08,7185
2026-01-656,-0.62,24237
2026-01-657,-0.57,21313
2026-01-658,0.01,8850
2026-01-659,0.28,2111
2026-01-660,-0.5,28149
2026-01-661,0.92,1454
2026-01-662,-0.31,681
2026-01-663,-0.35,20267
2026-01-664,0.13,19793
2026-01-665,-0.66,25472
2026-01-666,0.72,22830
2026-01-667,0.01,28442
2026-01-668,0.77,13877
2026-01-669,0.7,702
2026-01-670,0.64,1381
2026-01-671,0.9,8823
2026-01-672,-0.63,8023
2026-01-673,0.79,16595
2026-01-674,0.69,2327
2026-01-675,-0.58,31310
2026-01-676,0.82,11058
2026-01-677,0.26,9487
2026-01-678,-0.3,32528
2026-01-679,-0.49,2258
2026-01-680,-0.87,9860
2026-01-681,0.83,21286
2026-01-682,0.42,8610
2026-01-683,-0.28,7128
2026-01-684,-0.66,5841
2026-01-685,0.18,3503
2026-01-686,-0.33,24865
2026-01-687,0.38,1881
2026-01-688,-0.43,22750
2026-01-689,-0.86,18598
2026-01-690,-0.42,2661
2026-01-691,-0.37,32756
2026-01-692,-0.93,20278
2026-01-693,-0.11,19435
2026-01-694,0.65,32075
2026-01-695,0.86,1386
2026-01-696,-0.67,8360
2026-01-697,0.3,26048
2026-01-698,0.28,29492
2026-01-699,-0.67,23840
2026-01-700,0.66,1735
2026-01-701,-0.9,11599
2026-01-702,-0.63,21892
2026-01-703,0.82,7328
2026-01-704,0.52,11369
2026-01-705,-0.56,21794
2026-01-706,-0.92,9252
2026-01-707,-0.53,17432
2026-01-708,0.35,7208
2026-01-709,-0.36,3497
2026-01-710,-0.57,27649
2026-01-711,-0.85,26841
2026-01-712,0.89,16100
2026-01-713,-0.88,30648
2026-01-714,0.23,19851
2026-01-715,-0.26,28633
2026-01-716,-0.09,27200
2026-01-717,-0.46,9990
2026-01-718,-0.03,4919
2026-01-719,0.8,22578
2026-01-720,0.31,32544
2026-01-721,0.4,13487
2026-01-722,-0.01,22525
2026-01-723,-0.17,5538
2026-01-724,-0.08,6193
2026-01-725,-0.48,25011
2026-01-726,0.6,15834
2026-01-727,-0.6,31497
2026-01-728,0.85,18529
2026-01-729,0.4,18805
2026-01-730,0.91,13392
2026-01-731,-0.9,13549
2026-01-732,0.78,26979
2026-01-733,0.71,9277
2026-01-734,-0.27,20193
2026-01-735,-0.8,21497
2026-01-736,-0.74,31276
2026-01-737,0.9,6582
2026-01-738,0.78,11159
2026-01-739,-0.82,26489
2026-01-740,0.59,3449
2026-01-741,0.24,9072
2026-01-742,0.8,27008
2026-01-743,0.67,10208
2026-01-744,-0.23,18503
2026-01-745,0.7,32607
2026-01-746,0.96,12074
2026-01-747,0.22,12611
2026-01-748,-0.81,28761
2026-01-749,-0.44,12890
2026-01-750,0.63,16683
2026-01-751,0.16,19932
2026-01-752,-0.48,2741
2026-01-753,0.54,6813
2026-01-754,-0.38,10396
2026-01-755,-0.4,20615
2026-01-756,0.04,2599
2026-01-757,0.36,4680
2026-01-758,0.98,27032
2026-01-759,0.87,32584
2026-01-760,-0.6,3517
2026-01-761,-0.94,8670
2026-01-762,-0.59,18882
2026-01-763,-0.51,3523
2026-01-764,0.58,12105
2026-01-765,-0.79,17095
2026-01-766,-0.04,9916
2026-01-767,-0.22,10178
2026-01-768,0.79,25058
2026-01-769,0.77,12750
2026-01-770,-0.93,23729
2026-01-771,-0.19,2995
2026-01-772,-0.22,24676
2026-01-773,0.53,20899
2026-01-774,0.84,15565
2026-01-775,-0.07,13608
2026-01-776,0.72,11243
2026-01-777,0.29,7514
2026-01-778,0.68,5055
2026-01-779,0.91,5973
2026-01-780,0.22,6748
2026-01-781,-0.49,10986
2026-01-782,0.44,16446
2026-01-783,0.77,26517
2026-01-784,-0.71,29916
2026-01-785,-0.26,15791
2026-01-786,-0.31,22912
2026-01-787,0.46,30693
2026-01-788,-0.09,9815
2026-01-789,0.49,26857
2026-01-790,-0.6,26052
2026-01-791,-0.64,8551
2026-01-792,-0.13,31226
2026-01-793,0.62,16955
2026-01-794,0.83,8394
2026-01-795,0.8,16097
2026-01-796,-0.35,27065
2026-01-797,0.13,9261
2026-01-798,0.78,21078
2026-01-799,-0.22,14140
2026-01-800,-0.89,31947
2026-01-801,-0.55,170
2026-01-802,0.75,13489
2026-01-803,0.5,6149
2026-01-804,0.33,13865
2026-01-805,-0.86,17282
2026-01-806,-0.93,27432
2026-01-807,-0.04,16367
2026-01-808,0.22,4882
2026-01-809,-0.9,17641
2026-01-810,-0.69,2187
2026-01-811,0.05,6479
2026-01-812,0.21,6538
2026-01-813,0.51,19447
2026-01-814,-0.92,9646
2026-01-815,-0.24,25759
2026-01-816,0.89,30422
2026-01-817,-0.34,8486
2026-01-818,-0.45,2028
2026-01-819,-0.86,4860
2026-01-820,-0.47,11777
2026-01-821,0.48,12503
2026-01-822,-0.39,22431
2026-01-823,-0.18,12455
2026-01-824,0.97,22106
2026-01-825,0.52,15821
2026-01-826,-0.04,26281
2026-01-827,-0.79,24455
2026-01-828,0.47,27124
2026-01-829,0.18,9135
2026-01-830,0.76,1774
2026-01-831,-0.41,24998
2026-01-832,-0.26,9253
2026-01-833,0.22,10635
2026-01-834,-0.57,28888
2026-01-835,0.53,13232
2026-01-836,0.47,28680
2026-01-837,0.26,25678
2026-01-838,-0.5,14801
2026-01-839,0.61,14199
2026-01-840,-0.45,26363
2026-01-841,0.16,10573
2026-01-842,0.61,23245
2026-01-843,-0.27,28274
2026-01-844,0.5,24353
2026-01-845,0.81,4287
2026-01-846,-0.01,18110
2026-01-847,-0.57,17465
2026-01-848,0.72,2529
2026-01-849,0.81,2112
2026-01-850,-0.24,4381
2026-01-851,-0.53,26890
2026-01-852,-0.29,8805
2026-01-853,0.72,30032
2026-01-854,0.89,9320
2026-01-855,0.65,15431
2026-01-856,-0.42,11293
2026-01-857,-0.94,26578
2026-01-858,0.48,2206
2026-01-859,0.71,18166
2026-01-860,0.96,16697
2026-01-861,-0.8,23694
2026-01-862,0.29,14788
2026-01-863,0.09,17984
2026-01-864,0.69,28978
2026-01-865,-0.83,4015
2026-01-866,-0.74,3684
2026-01-867,0.68,17906
2026-01-868,0.28,12097
2026-01-869,0.18,24390
2026-01-870,0.99,11785
2026-01-871,-0.14,19199
2026-01-872,-0.8,20710
2026-01-873,-0.29,15813
2026-01-874,-0.85,6085
2026-01-875,0.18,3580
2026-01-876,0.31,7267
2026-01-877,0.87,13444
2026-01-878,0.86,14507
2026-01-879,0.6,17827
2026-01-880,-0.26,26431
2026-01-881,0.52,30271
2026-01-882,-0.32,4693
2026-01-883,-0.15,337
2026-01-884,0.11,17604
2026-01-885,-0.23,406
2026-01-886,0.68,29022
2026-01-887,-0.87,5000
2026-01-888,0.42,17537
2026-01-889,-0.62,21388
2026-01-890,0.55,13289
2026-01-891,-0.53,3181
2026-01-892,-0.07,16584
2026-01-893,0.87,10761
2026-01-894,-0.07,8217
2026-01-895,0.01,17482
2026-01-896,-0.53,15665
2026-01-897,0.53,22104
2026-01-898,-0.16,19095
2026-01-899,0.25,30221
2026-01-900,0.64,21781
2026-01-901,-0.28,8106
2026-01-902,-0.44,3343
2026-01-903,0.93,27080
2026-01-904,-0.2,14868
2026-01-905,-0.89,13713
2026-01-906,0.68,3251
2026-01-907,-0.84,12079
2026-01-908,0.68,17040
2026-01-909,0.31,12933
2026-01-910,0.79,20663
2026-01-911,-0.41,26653
2026-01-912,0.36,2095
2026-01-913,0.65,11874
2026-01-914,0.2,26835
2026-01-915,-0.2,8976
2026-01-916,-0.45,5725
2026-01-917,-0.29,24808
2026-01-918,0.59,9156
2026-01-919,-0.98,17832
2026-01-920,0.05,10440
2026-01-921,0.75,21562
2026-01-922,-0.15,21962
2026-01-923,-0.2,1836
2026-01-924,0.97,31202
2026-01-925,0.08,10080
2026-01-926,0.4,12076
2026-01-927,-0.42,31493
2026-01-928,0.4,8546
2026-01-929,-0.26,24773
2026-01-930,-0.03,8880
2026-01-931,0.35,11072
2026-01-932,-1,707
2026-01-933,0.55,20666
2026-01-934,0.41,23588
2026-01-935,-0.19,17168
2026-01-936,0.15,19396
2026-01-937,-0.75,1009
2026-01-938,-0.88,18136
2026-01-939,-0.45,18762
2026-01-940,-0.57,742
2026-01-941,-0.79,17922
2026-01-942,0.12,9248
2026-01-943,-0.82,27368
2026-01-944,0.17,9714
2026-01-945,-0.5,13290
2026-01-946,0.35,12759
2026-01-947,0.69,21895
2026-01-948,0.03,22640
2026-01-949,0.79,24199
2026-01-950,0.05,24791
2026-01-951,-0.39,8681
2026-01-952,-0.48,8753
2026-01-953,-0.67,32029
2026-01-954,0.87,7042
2026-01-955,-0.47,20083
2026-01-956,-0.8,15814
2026-01-957,0.18,12244
2026-01-958,-0.37,7229
2026-01-959,-0.48,18864
2026-01-960,0.69,30470
2026-01-961,-0.95,21047
2026-01-962,0.94,21487
2026-01-963,0.26,3276
2026-01-964,0.23,6540
2026-01-965,-0.21,23990
2026-01-966,0.88,24710
2026-01-967,-0.29,17945
2026-01-968,-0.79,28470
2026-01-969,0.83,23589
2026-01-970,0.55,4978
2026-01-971,0.79,5006
2026-01-972,-0.38,20135
2026-01-973,-0.13,27196
2026-01-974,-0.67,2088
2026-01-975,0.35,19779
2026-01-976,0.93,14790
2026-01-977,0.62,18965
2026-01-978,-0.99,19105
2026-01-979,-0.93,24567
2026-01-980,-0.31,3134
2026-01-981,-0.29,1457
2026-01-982,0.98,3545
2026-01-983,0.97,14218
2026-01-984,-0.62,14844
2026-01-985,0.72,8563
2026-01-986,-0.72,29264
2026-01-987,-0.99,14723
2026-01-988,-0.1,7604
2026-01-989,-0.99,24227
2026-01-990,0.97,23692
2026-01-991,0.71,20363
2026-01-992,0.01,22363
2026-01-993,0.21,3565
2026-01-994,-0.79,23445
2026-01-995,-0.9,495
2026-01-996,0.41,15022
2026-01-997,-0.88,29151
2026-01-998,-0.85,8055
2026-01-999,0.93,8738
2026-01-1000,-0.21,19882
2026-01-1001,-0.92,12654
2026-01-1002,-0.78,32707
2026-01-1003,-0.55,1338
2026-01-1004,0.44,22290
2026-01-1005,0.39,23154
2026-01-1006,-0.96,4623
2026-01-1007,-0.75,20078
2026-01-1008,0.24,31981
2026-01-1009,0.3,29733
2026-01-1010,-0.77,20594
2026-01-1011,0.3,18846
2026-01-1012,0.87,29445
2026-01-1013,-0.95,8616
2026-01-1014,0.5,20489
2026-01-1015,0.38,21963
2026-01-1016,0.35,14697
2026-01-1017,-0.91,21630
2026-01-1018,-0.76,1908
2026-01-1019,0.37,24474
2026-01-1020,0.2,27372
2026-01-1021,-0.07,3855
2026-01-1022,0.34,9561
2026-01-1023,-0.44,27606
2026-01-1024,0.84,7075
2026-01-1025,0.82,14119
2026-01-1026,0.41,30432
2026-01-1027,-0.16,12779
2026-01-1028,-0.21,18283
2026-01-1029,-0.33,30836
2026-01-1030,0.25,24118
2026-01-1031,0.37,18028
2026-01-1032,0.19,20577
2026-01-1033,0.37,14091
2026-01-1034,0.56,22795
2026-01-1035,-0.4,21901
2026-01-1036,0.93,3432
2026-01-1037,0.36,4580
2026-01-1038,-0.25,5907
2026-01-1039,0.84,28074
2026-01-1040,0.19,26790
2026-01-1041,-0.24,30041
2026-01-1042,0.51,8329
2026-01-1043,-0.1,22974
2026-01-1044,-0.28,3591
2026-01-1045,0.89,15787
2026-01-1046,-0.1,3239
2026-01-1047,-0.07,3053
2026-01-1048,-0.37,10681
2026-01-1049,0.03,27005
2026-01-1050,0.76,18479
2026-01-1051,-0.05,6139
2026-01-1052,-0.32,13998
2026-01-1053,-0.17,23639
2026-01-1054,0.15,27621
2026-01-1055,0.93,15826
2026-01-1056,0.22,23838
2026-01-1057,-0.72,12581
2026-01-1058,0.99,8978
2026-01-1059,-0.09,1023
2026-01-1060,0.43,24834
2026-01-1061,-0.57,7349
2026-01-1062,0.02,8707
2026-01-1063,0.02,25141
2026-01-1064,-0.13,8346
2026-01-1065,-0.09,24637
2026-01-1066,-0.87,11400
2026-01-1067,-0.84,31690
2026-01-1068,0.62,8935
2026-01-1069,0.26,19410
2026-01-1070,-0.23,11382
2026-01-1071,-0.4,27189
2026-01-1072,0.05,13874
2026-01-1073,-0.37,20722
2026-01-1074,0.95,22566
2026-01-1075,0.6,6038
2026-01-1076,0.88,7811
2026-01-1077,-0.55,9467
2026-01-1078,-0.75,26867
2026-01-1079,0.89,10542
2026-01-1080,-0.37,21547
2026-01-1081,0.02,29617
2026-01-1082,-0.01,25023
2026-01-1083,-0.74,31203
2026-01-1084,-0.52,21051
2026-01-1085,0.7,8636
2026-01-1086,-0.42,25967
2026-01-1087,-0.44,9405
2026-01-1088,0.31,29962
2026-01-1089,-0.81,7975
2026-01-1090,0.56,7531
2026-01-1091,-0.05,8044
2026-01-1092,0.91,26803
2026-01-1093,0.88,18915
2026-01-1094,-0.5,12319
2026-01-1095,-0.28,25791
2026-01-1096,0.83,10133
2026-01-1097,0.75,24642
2026-01-1098,0.69,18300
2026-01-1099,0.54,12078
2026-01-1100,0.85,2257
2026-01-1101,0.33,893
2026-01-1102,-0.1,10103
2026-01-1103,0.5,17233
2026-01-1104,0.22,24271
2026-01-1105,-0.89,18990
2026-01-1106,0.38,21641
2026-01-1107,-0.42,19047
2026-01-1108,0.52,9658
2026-01-1109,-0.21,25302
2026-01-1110,-0.17,18990
2026-01-1111,-0.98,15568
2026-01-1112,-0.78,16895
2026-01-1113,0.35,18008
2026-01-1114,0.61,16742
2026-01-1115,0.94,23699
2026-01-1116,0.88,20178
2026-01-1117,-0.58,31357
2026-01-1118,0.41,1847
2026-01-1119,-0.31,16345
2026-01-1120,0.8,31913
2026-01-1121,0.64,25710
2026-01-1122,-0.39,25385
2026-01-1123,-0.27,27504
2026-01-1124,-0.38,32703
2026-01-1125,0.02,11069
2026-01-1126,0.54,3529
2026-01-1127,0.52,32074
2026-01-1128,0.49,3730
2026-01-1129,-0.56,10844
2026-01-1130,-0.51,14118
2026-01-1131,-0.35,26363
2026-01-1132,0.52,28773
2026-01-1133,-0.3,29731
2026-01-1134,0.47,7511
2026-01-1135,-0.31,14398
2026-01-1136,-0.02,7103
2026-01-1137,0.52,25679
2026-01-1138,-0.47,13043
2026-01-1139,0.22,31088
2026-01-1140,0.63,25834
2026-01-1141,-0.5,17022
2026-01-1142,-0.6,21911
2026-01-1143,-0.08,5651
2026-01-1144,0.8,15477
2026-01-1145,-0.84,29876
2026-01-1146,0.78,5220
2026-01-1147,-0.85,22348
2026-01-1148,0.98,32179
2026-01-1149,-0.65,16857
2026-01-1150,-0.17,1662
2026-01-1151,0.02,28262
2026-01-1152,-0.8,19770
2026-01-1153,-0.78,9273
2026-01-1154,-0.59,12686
2026-01-1155,-0.12,3917
2026-01-1156,0.17,1892
2026-01-1157,-0.02,11267
2026-01-1158,0.49,65
2026-01-1159,0.89,6932
2026-01-1160,-0.81,16081
2026-01-1161,-0.97,29130
2026-01-1162,-0.72,18631
2026-01-1163,0.89,23152
2026-01-1164,-0.7,19172
2026-01-1165,-0.36,6407
2026-01-1166,-0.05,25428
2026-01-1167,-0.19,18490
2026-01-1168,-0.9,26177
2026-01-1169,-0.29,25236
2026-01-1170,-0.41,20643
2026-01-1171,-0.6,27633
2026-01-1172,-0.63,23893
2026-01-1173,-0.7,20274
2026-01-1174,0.93,28782
2026-01-1175,-0.97,17461
2026-01-1176,-0.1,19662
2026-01-1177,0.07,20997
2026-01-1178,0.51,18423
2026-01-1179,-0.1,16717
2026-01-1180,-0.6,28703
2026-01-1181,0.66,4883
2026-01-1182,-0.39,22659
2026-01-1183,-0.55,20386
2026-01-1184,-0.49,32765
2026-01-1185,-0.99,16840
2026-01-1186,-0.91,1497
2026-01-1187,-0.17,29250
2026-01-1188,-0.42,8421
2026-01-1189,0.75,30581
2026-01-1190,0.87,3271
2026-01-1191,-0.13,27999
2026-01-1192,0.04,24979
2026-01-1193,0.38,10700
2026-01-1194,0.3,2461
2026-01-1195,0.18,205
2026-01-1196,0.4,18828
2026-01-1197,-0.41,11622
2026-01-1198,0.98,3760
2026-01-1199,-0.02,12935
2026-01-1200,-0.19,30614
2026-01-1201,0.67,18493
2026-01-1202,0.96,19161
2026-01-1203,0.46,10538
2026-01-1204,-0.3,20538
2026-01-1205,-0.24,21555
2026-01-1206,0.17,16371
2026-01-1207,0.6,5752
2026-01-1208,0.58,15433
2026-01-1209,-0.45,29065
2026-01-1210,0.26,2401
2026-01-1211,-0.66,12759
2026-01-1212,0.93,30548
2026-01-1213,-0.27,18792
2026-01-1214,0.93,12933
2026-01-1215,0.37,17103
2026-01-1216,-0.1,28211
2026-01-1217,-0.06,24668
2026-01-1218,-0.73,7498
2026-01-1219,0.89,15248
2026-01-1220,-0.21,11647
2026-01-1221,0.49,30931
2026-01-1222,-0.31,30875
2026-01-1223,0.98,25449
2026-01-1224,-0.64,24599
2026-01-1225,0.23,1443
2026-01-1226,0.31,18154
2026-01-1227,-0.39,4434
2026-01-1228,0.85,23967
2026-01-1229,-0.84,11393
2026-01-1230,0.04,29866
2026-01-1231,0.53,30308
2026-01-1232,-0.77,18684
2026-01-1233,0.92,22667
2026-01-1234,-0.52,32469
2026-01-1235,0.3,30811
2026-01-1236,-0.86,16090
2026-01-1237,-0.73,23743
2026-01-1238,-0.96,10599
2026-01-1239,-0.26,7195
2026-01-1240,0.06,5158
2026-01-1241,0.89,9858
2026-01-1242,-0.91,17889
2026-01-1243,-0.53,40
2026-01-1244,-0.82,9364
2026-01-1245,0.75,26
2026-01-1246,-0.11,2503
2026-01-1247,-0.34,26412
2026-01-1248,-0.6,12570
2026-01-1249,-0.24,25395
2026-01-1250,-0.59,29986
2026-01-1251,-0.49,21109
2026-01-1252,0.87,20083
2026-01-1253,-0.15,23390
2026-01-1254,-0.5,18686
2026-01-1255,0.55,11381
2026-01-1256,0.28,25502
2026-01-1257,-0.23,30862
2026-01-1258,-0.76,3565
2026-01-1259,-0.28,832
2026-01-1260,-0.15,14428
2026-01-1261,-0.54,20889
2026-01-1262,-0.22,10883
2026-01-1263,0.25,21265
2026-01-1264,-0.4,5045
2026-01-1265,0.78,5821
2026-01-1266,-0.45,2520
2026-01-1267,0.27,24773
2026-01-1268,0.34,27251
2026-01-1269,-0.25,13336
2026-01-1270,0.34,21001
2026-01-1271,0.37,9310
2026-01-1272,0.74,7590
2026-01-1273,0.56,1071
2026-01-1274,-0.2,10935
2026-01-1275,0.45,17282
2026-01-1276,-0.75,18718
2026-01-1277,0.73,4712
2026-01-1278,-0.63,4998
2026-01-1279,0.05,7162
2026-01-1280,0.17,8692
2026-01-1281,0.39,28047
2026-01-1282,0.46,19103
2026-01-1283,-0.69,24115
2026-01-1284,-0.61,25858
2026-01-1285,-0.71,2645
2026-01-1286,0.94,17199
2026-01-1287,-0.55,14272
2026-01-1288,-0.25,21862
2026-01-1289,-0.28,13773
2026-01-1290,-0.2,11238
2026-01-1291,-0.03,3542
2026-01-1292,-0.92,19203
2026-01-1293,-0.23,6125
2026-01-1294,0.34,1401
2026-01-1295,-0.22,18382
2026-01-1296,0.69,20736
2026-01-1297,-0.22,17939
2026-01-1298,0.38,18721
2026-01-1299,-0.74,10663
2026-01-1300,-0.23,21575
2026-01-1301,0.24,25981
2026-01-1302,0,7961
2026-01-1303,-0.38,16002
2026-01-1304,-0.52,25095
2026-01-1305,-0.16,24016
2026-01-1306,0.37,9507
2026-01-1307,0.93,21284
2026-01-1308,0.44,30259
2026-01-1309,-0.79,7058
2026-01-1310,-0.57,17668
2026-01-1311,-0.23,119
2026-01-1312,-0.43,23041
2026-01-1313,-0.09,25264
2026-01-1314,-0.77,6915
2026-01-1315,-0.28,17929
2026-01-1316,-0.59,4715
2026-01-1317,-0.85,12536
2026-01-1318,0.57,27759
2026-01-1319,0,13452
2026-01-1320,-0.07,24241
2026-01-1321,-0.71,12448
2026-01-1322,-0.73,11798
2026-01-1323,-0.76,10324
2026-01-1324,-0.26,18133
2026-01-1325,-0.15,15038
2026-01-1326,0.7,6862
2026-01-1327,-0.71,5084
2026-01-1328,0.09,14878
2026-01-1329,0.23,27085
2026-01-1330,-1,23024
2026-01-1331,0.93,23105
2026-01-1332,-0.88,15765
2026-01-1333,0.67,15407
2026-01-1334,-0.23,13784
2026-01-1335,0.04,14790
2026-01-1336,-0.66,10891
2026-01-1337,-0.79,18085
2026-01-1338,0.34,25190
2026-01-1339,0.42,17998
2026-01-1340,-0.14,32018
2026-01-1341,-0.79,30424
2026-01-1342,0.97,21376
2026-01-1343,-0.46,29669
2026-01-1344,0.08,12927
2026-01-1345,-0.07,26068
2026-01-1346,0.66,9102
2026-01-1347,-0.62,12600
2026-01-1348,-0.81,14318
2026-01-1349,-0.1,14984
2026-01-1350,0.39,2556
2026-01-1351,-0.92,4632
2026-01-1352,-0.22,26814
2026-01-1353,0.87,7239
2026-01-1354,-0.26,25020
2026-01-1355,-0.73,2554
2026-01-1356,0.88,7441
2026-01-1357,0.98,13642
2026-01-1358,-0.98,16321
2026-01-1359,0.04,13946
2026-01-1360,-0.44,18509
2026-01-1361,-0.67,17708
2026-01-1362,0.61,6533
2026-01-1363,-0.14,14804
2026-01-1364,0.85,10142
2026-01-1365,-0.58,17260
2026-01-1366,0.61,31620
2026-01-1367,0.43,9578
2026-01-1368,0.87,113
2026-01-1369,-0.37,4591
2026-01-1370,0.34,20415
2026-01-1371,-0.44,29761
2026-01-1372,-0.88,28411
2026-01-1373,0.59,16251
2026-01-1374,0.38,13370
2026-01-1375,0.24,5507
2026-01-1376,-0.93,17584
2026-01-1377,0.51,23101
2026-01-1378,-0.11,24958
2026-01-1379,-0.59,1790
2026-01-1380,-0.87,30412
2026-01-1381,-0.45,21060
2026-01-1382,-0.07,8472
2026-01-1383,-0.98,32676
2026-01-1384,0.43,7373
2026-01-1385,-0.34,27651
2026-01-1386,-0.25,21528
2026-01-1387,0.32,10761
2026-01-1388,-0.31,32503
2026-01-1389,0.29,17107
2026-01-1390,-0.08,2451
2026-01-1391,0.53,28392
2026-01-1392,0.7,13519
2026-01-1393,-0.28,23407
2026-01-1394,-0.06,9505
2026-01-1395,-0.6,20383
2026-01-1396,-0.38,21409
2026-01-1397,-0.93,18038
2026-01-1398,0.6,5471
2026-01-1399,0.71,20654
2026-01-1400,0.47,11514
2026-01-1401,0.23,21229
2026-01-1402,-0.11,6766
2026-01-1403,-0.13,29756
2026-01-1404,-0.68,7470
2026-01-1405,0.39,20666
2026-01-1406,0.22,7283
2026-01-1407,0.6,17553
2026-01-1408,0.05,27091
2026-01-1409,-0.41,25386
2026-01-1410,-0.13,4629
2026-01-1411,-0.58,28317
2026-01-1412,-0.55,12356
2026-01-1413,0.88,25452
2026-01-1414,0.54,30466
2026-01-1415,-0.67,27760
2026-01-1416,0.19,25631
2026-01-1417,0.38,21267
2026-01-1418,0.76,21098
2026-01-1419,0.14,16320
2026-01-1420,-0.47,24007
2026-01-1421,-0.31,24216
2026-01-1422,0.22,19842
2026-01-1423,-0.93,15463
2026-01-1424,-0.4,30947
2026-01-1425,0.93,28630
2026-01-1426,0.17,23043
2026-01-1427,0.76,25314
2026-01-1428,-0.74,17117
2026-01-1429,0.34,20620
2026-01-1430,0.71,26792
2026-01-1431,0.64,19154
2026-01-1432,-0.34,14693
2026-01-1433,-0.36,23775
2026-01-1434,-1,12212
2026-01-1435,0,7551
2026-01-1436,-0.24,6379
2026-01-1437,0.43,17877
2026-01-1438,0.89,361
2026-01-1439,0.85,8272
2026-01-1440,-0.66,15144
2026-01-1441,0.61,25563
2026-01-1442,0.04,12946
2026-01-1443,-0.12,20308
2026-01-1444,0.57,1430
2026-01-1445,0.23,6464
2026-01-1446,-0.26,4346
2026-01-1447,-0.63,1981
2026-01-1448,0.18,26611
2026-01-1449,-0.08,17591
2026-01-1450,-0.68,27123
2026-01-1451,-0.39,16991
2026-01-1452,-0.39,27330
2026-01-1453,-0.02,17369
2026-01-1454,-0.09,8400
2026-01-1455,0.79,24117
2026-01-1456,0.17,19914
2026-01-1457,0.95,1441
2026-01-1458,0.36,21867
2026-01-1459,-0.72,31453
2026-01-1460,0.09,13973
2026-01-1461,0.81,11503
2026-01-1462,0.69,6816
2026-01-1463,-0.17,25367
2026-01-1464,0.85,28402
2026-01-1465,-0.7,17157
2026-01-1466,-0.19,15567
2026-01-1467,0.1,1866
2026-01-1468,-0.13,13171
2026-01-1469,-0.23,31245
2026-01-1470,0.64,6238
2026-01-1471,-0.29,2047
2026-01-1472,0.15,4592
2026-01-1473,0.11,32657
2026-01-1474,-0.95,53
2026-01-1475,0.71,20580
2026-01-1476,0.4,22530
2026-01-1477,-0.25,24320
2026-01-1478,0.9,13377
2026-01-1479,0.98,16586
2026-01-1480,-0.96,4489
2026-01-1481,-0.69,29744
2026-01-1482,0.88,26610
2026-01-1483,0.18,26919
2026-01-1484,-0.41,5927
2026-01-1485,-0.91,28119
2026-01-1486,-0.21,22716
2026-01-1487,0,21396
2026-01-1488,-0.47,11458
2026-01-1489,-0.7,24593
2026-01-1490,-0.94,29849
2026-01-1491,-0.46,24272
2026-01-1492,0.6,12294
2026-01-1493,-0.46,26333
2026-01-1494,0.46,4229
2026-01-1495,-0.29,10428
2026-01-1496,0.59,22241
2026-01-1497,-0.79,22688
2026-01-1498,0.66,12033
2026-01-1499,-0.15,2270
2026-01-1500,0.29,32261
2026-01-1501,-0.4,2208
2026-01-1502,0.82,22162
2026-01-1503,0.06,6878
2026-01-1504,0.79,1897
2026-01-1505,-0.13,6538
2026-01-1506,-0.31,30783
2026-01-1507,0.4,22795
2026-01-1508,-0.34,18633
2026-01-1509,0.09,24557
2026-01-1510,0.17,26134
2026-01-1511,-0.47,18135
2026-01-1512,-0.42,2593
2026-01-1513,-0.57,21693
2026-01-1514,-0.34,22951
2026-01-1515,0.4,11094
2026-01-1516,0.37,5174
2026-01-1517,0.12,6097
2026-01-1518,0.51,2695
2026-01-1519,-0.83,23492
2026-01-1520,-0.08,20237
2026-01-1521,0.3,613
2026-01-1522,-0.04,21710
2026-01-1523,0.89,5628
2026-01-1524,-0.91,28786
2026-01-1525,0.44,18840
2026-01-1526,0.82,28569
2026-01-1527,0.2,27393
2026-01-1528,-0.08,14962
2026-01-1529,-0.86,12527
2026-01-1530,-0.93,13194
2026-01-1531,0.05,14713
2026-01-1532,-0.89,18913
2026-01-1533,-0.07,19664
2026-01-1534,-0.97,28995
2026-01-1535,0.62,14381
2026-01-1536,0.46,29909
2026-01-1537,-0.52,21768
2026-01-1538,-0.76,22511
2026-01-1539,0.54,4235
2026-01-1540,0.27,14633
2026-01-1541,-0.6,1862
2026-01-1542,0.27,27577
2026-01-1543,-0.83,2340
2026-01-1544,0.42,15100
2026-01-1545,-1,6558
2026-01-1546,-0.24,3154
2026-01-1547,0.35,16430
2026-01-1548,-0.69,21295
2026-01-1549,0.37,15623
2026-01-1550,0.22,2927
2026-01-1551,-0.71,30211
2026-01-1552,-0.89,11754
2026-01-1553,-0.2,12253
2026-01-1554,-0.07,21321
2026-01-1555,0.85,26528
2026-01-1556,-0.57,31000
2026-01-1557,0.55,24671
2026-01-1558,-0.3,7452
2026-01-1559,0.75,14631
2026-01-1560,-0.6,8934
2026-01-1561,-0.6,7986
2026-01-1562,-0.66,14248
2026-01-1563,0.39,28765
2026-01-1564,0.96,10312
2026-01-1565,-0.38,25052
2026-01-1566,0.31,23987
2026-01-1567,-0.36,32557
2026-01-1568,-0.52,29556
2026-01-1569,0.7,5450
2026-01-1570,0.82,7301
2026-01-1571,-0.07,24099
2026-01-1572,0.32,19044
2026-01-1573,0.31,75
2026-01-1574,-0.96,19050
2026-01-1575,-0.74,14066
2026-01-1576,0.38,19801
2026-01-1577,-0.77,13843
2026-01-1578,-0.59,3380
2026-01-1579,-0.05,7918
2026-01-1580,-0.41,1363
2026-01-1581,-0.72,6329
2026-01-1582,-0.12,28854
2026-01-1583,-0.87,24979
2026-01-1584,0.69,666
2026-01-1585,-0.21,27577
2026-01-1586,-0.63,3402
2026-01-1587,0.15,23292
2026-01-1588,0.23,2872
2026-01-1589,-0.52,30323
2026-01-1590,0.53,15948
2026-01-1591,0.95,25197
2026-01-1592,0.08,22908
2026-01-1593,-0.89,13993
2026-01-1594,-0.35,26781
2026-01-1595,-0.98,17610
2026-01-1596,-0.72,27256
2026-01-1597,0.05,8965
2026-01-1598,-0.77,20769
2026-01-1599,0.15,20253
2026-01-1600,-0.95,23684
2026-01-1601,-0.22,32145
2026-01-1602,-0.6,833
2026-01-1603,-0.15,26900
2026-01-1604,0.68,23994
2026-01-1605,-0.67,13885
2026-01-1606,0.48,18281
2026-01-1607,-0.68,16256
2026-01-1608,0.1,10872
2026-01-1609,0.82,23901
2026-01-1610,0.06,10635
2026-01-1611,-0.4,32471
2026-01-1612,0.27,7137
2026-01-1613,0.43,9768
2026-01-1614,-0.67,3995
2026-01-1615,0.71,7603
2026-01-1616,0.42,18011
2026-01-1617,-0.21,31034
2026-01-1618,0.12,24593
2026-01-1619,0.3,14161
2026-01-1620,-0.66,10258
2026-01-1621,0.26,5906
2026-01-1622,0.91,14443
2026-01-1623,0.88,30227
2026-01-1624,0.19,26484
2026-01-1625,-0.76,19093
2026-01-1626,-0.65,13224
2026-01-1627,-0.06,3582
2026-01-1628,-0.33,8627
2026-01-1629,-0.95,11146
2026-01-1630,-0.14,16589
2026-01-1631,0.4,18237
2026-01-1632,-0.5,18759
2026-01-1633,0.78,28956
2026-01-1634,-0.23,2403
2026-01-1635,-0.58,6300
2026-01-1636,-0.89,5225
2026-01-1637,0.43,21595
2026-01-1638,-0.84,26615
2026-01-1639,-0.96,21006
2026-01-1640,0.68,31641
2026-01-1641,0.35,698
2026-01-1642,0.25,28313
2026-01-1643,-0.77,22312
2026-01-1644,-0.82,18457
2026-01-1645,0.96,8339
2026-01-1646,-0.14,32094
2026-01-1647,-0.54,27043
2026-01-1648,0.22,12911
2026-01-1649,-0.2,23455
2026-01-1650,0.58,26847
2026-01-1651,-0.3,990
2026-01-1652,-0.27,4327
2026-01-1653,-0.87,3454
2026-01-1654,-0.04,12472
2026-01-1655,-0.5,17241
2026-01-1656,-0.59,5646
2026-01-1657,0.25,28213
2026-01-1658,-0.76,17929
2026-01-1659,-0.05,25403
2026-01-1660,0.94,7993
2026-01-1661,-0.33,22187
2026-01-1662,-0.6,25079
2026-01-1663,-0.59,18125
2026-01-1664,0.34,4860
2026-01-1665,-1,4907
2026-01-1666,-0.79,27692
2026-01-1667,-0.07,5117
2026-01-1668,0.17,20403
2026-01-1669,0.43,17893
2026-01-1670,-0.61,29011
2026-01-1671,0.25,24028
2026-01-1672,0.78,10748
2026-01-1673,-0.5,22892
2026-01-1674,-0.56,10654
2026-01-1675,-0.77,24353
2026-01-1676,-0.64,31547
2026-01-1677,0.46,826
2026-01-1678,-0.39,3904
2026-01-1679,-0.62,17571
2026-01-1680,-0.14,16405
2026-01-1681,-0.01,22056
2026-01-1682,0.28,1267
2026-01-1683,0.51,2019
2026-01-1684,0.91,18166
2026-01-1685,0.17,25846
2026-01-1686,-0.07,3187
2026-01-1687,-0.79,22912
2026-01-1688,-0.33,28299
2026-01-1689,-0.56,29897
2026-01-1690,-0.99,3328
2026-01-1691,0.42,7104
2026-01-1692,0.68,29768
2026-01-1693,-0.59,16296
2026-01-1694,-0.38,10720
2026-01-1695,-0.56,27918
2026-01-1696,-0.75,21219
2026-01-1697,0.84,18174
2026-01-1698,0.84,10459
2026-01-1699,0.49,17014
2026-01-1700,-0.05,12503
2026-01-1701,-0.68,13851
2026-01-1702,0.37,26814
2026-01-1703,0.63,4651
2026-01-1704,-0.81,24290
2026-01-1705,0.17,21683
2026-01-1706,0.18,26584
2026-01-1707,-0.48,3586
2026-01-1708,-0.31,26248
2026-01-1709,0.37,2397
2026-01-1710,-0.76,23168
2026-01-1711,-0.73,28148
2026-01-1712,0.93,10382
2026-01-1713,-0.29,27669
2026-01-1714,-0.07,20877
2026-01-1715,-0.86,19104
2026-01-1716,-0.16,2943
2026-01-1717,-0.05,26811
2026-01-1718,-0.07,28892
2026-01-1719,0.98,1990
2026-01-1720,-0.01,14890
2026-01-1721,-0.07,29074
2026-01-1722,0.49,13774
2026-01-1723,0.14,20173
2026-01-1724,-0.31,29218
2026-01-1725,-0.35,16833
2026-01-1726,-0.62,19911
2026-01-1727,-0.48,6463
2026-01-1728,0.08,25149
2026-01-1729,-0.12,12245
2026-01-1730,-0.69,31920
2026-01-1731,0.06,19271
2026-01-1732,0.68,6421
2026-01-1733,-0.42,4157
2026-01-1734,-0.53,4982
2026-01-1735,-0.62,24122
2026-01-1736,0.23,906
2026-01-1737,0.06,10189
2026-01-1738,0.56,30345
2026-01-1739,0.51,6923
2026-01-1740,0.18,31550
2026-01-1741,-0.03,11836
2026-01-1742,0.91,13406
2026-01-1743,0.1,25813
2026-01-1744,-0.49,25880
2026-01-1745,-0.56,24743
2026-01-1746,0.41,11245
2026-01-1747,0.78,4949
2026-01-1748,0.05,24514
2026-01-1749,0.85,9227
2026-01-1750,-0.76,17204
2026-01-1751,0.56,23917
2026-01-1752,-0.73,555
2026-01-1753,0.02,14286
2026-01-1754,-0.32,11698
2026-01-1755,0.79,21411
2026-01-1756,-0.11,10758
2026-01-1757,-0.1,30775
2026-01-1758,-0.9,17132
2026-01-1759,-0.11,27296
2026-01-1760,0.5,23112
2026-01-1761,0.22,12529
2026-01-1762,-0.28,25836
2026-01-1763,-0.23,5553
2026-01-1764,0.76,10670
2026-01-1765,-0.15,32652
2026-01-1766,0.51,30397
2026-01-1767,0.51,29001
2026-01-1768,-0.65,16693
2026-01-1769,-0.28,17916
2026-01-1770,0.16,25328
2026-01-1771,0.11,32125
2026-01-1772,-0.62,27296
2026-01-1773,0.39,11544
2026-01-1774,-0.44,12826
2026-01-1775,0.02,26758
2026-01-1776,0.88,12021
2026-01-1777,0.86,14108
2026-01-1778,0.77,12628
2026-01-1779,0.79,26947
2026-01-1780,0.49,1280
2026-01-1781,-0.55,25128
2026-01-1782,-0.38,10426
2026-01-1783,0.19,10677
2026-01-1784,-0.09,4047
2026-01-1785,0.85,23231
2026-01-1786,-0.94,8684
2026-01-1787,0.54,16769
2026-01-1788,0.09,27956
2026-01-1789,-0.79,15945
2026-01-1790,-0.35,16016
2026-01-1791,-0.4,16497
2026-01-1792,0.35,5190
2026-01-1793,-0.23,28049
2026-01-1794,-0.95,7886
2026-01-1795,0.88,18675
2026-01-1796,0.43,17377
2026-01-1797,0.3,28487
2026-01-1798,0.55,22482
2026-01-1799,-0.47,15000
2026-01-1800,0.54,289
2026-01-1801,-0.12,25215
2026-01-1802,-0.92,31310
2026-01-1803,0.4,27799
2026-01-1804,0.97,9707
2026-01-1805,-0.46,304
2026-01-1806,-0.63,10485
2026-01-1807,-0.01,30792
2026-01-1808,-0.87,32612
2026-01-1809,-0.18,12983
2026-01-1810,0.51,16129
2026-01-1811,0.37,5033
2026-01-1812,-1,31864
2026-01-1813,-0.17,11857
2026-01-1814,0.68,1710
2026-01-1815,0.68,31708
2026-01-1816,-0.59,27732
2026-01-1817,-0.63,11684
2026-01-1818,-0.01,32701
2026-01-1819,-0.31,28583
2026-01-1820,-0.44,19692
2026-01-1821,-0.6,12087
2026-01-1822,-0.88,13810
2026-01-1823,-0.8,14835
2026-01-1824,-0.37,10615
2026-01-1825,-0.03,18677
2026-01-1826,0.74,10134
2026-01-1827,0.53,19533
2026-01-1828,-0.22,2286
2026-01-1829,-0.76,2734
2026-01-1830,-0.25,15349
2026-01-1831,0.12,26984
2026-01-1832,-0.76,27792
2026-01-1833,0.04,28822
2026-01-1834,-0.45,18913
2026-01-1835,-0.38,24473
2026-01-1836,-0.16,24160
2026-01-1837,0.22,26053
2026-01-1838,0.97,11822
2026-01-1839,0.5,21337
2026-01-1840,0.17,4006
2026-01-1841,0.31,22197
2026-01-1842,0.05,29236
2026-01-1843,0.57,6599
2026-01-1844,-0.1,1898
2026-01-1845,0.85,21447
2026-01-1846,-0.16,592
2026-01-1847,0.25,8996
2026-01-1848,-0.45,24828
2026-01-1849,0.38,17342
2026-01-1850,-0.72,29795
2026-01-1851,0.42,30037
2026-01-1852,0.06,6767
2026-01-1853,-0.47,9793
2026-01-1854,0.05,24146
2026-01-1855,-0.91,13924
2026-01-1856,-0.46,29465
2026-01-1857,-0.61,26206
2026-01-1858,-0.91,15492
2026-01-1859,-0.01,18175
2026-01-1860,-0.64,23061
2026-01-1861,-0.53,15618
2026-01-1862,-0.87,26727
2026-01-1863,0.12,27896
2026-01-1864,0.09,27841
2026-01-1865,0.3,9090
2026-01-1866,-0.66,7915
2026-01-1867,-0.14,3523
2026-01-1868,-0.34,1344
2026-01-1869,0.36,22037
2026-01-1870,-0.84,5893
2026-01-1871,0.49,30971
2026-01-1872,-0.56,22777
2026-01-1873,-0.15,26200
2026-01-1874,0.9,10285
2026-01-1875,0.25,17118
2026-01-1876,-0.32,10006
2026-01-1877,0.29,24008
2026-01-1878,0.41,225
2026-01-1879,0.36,11980
2026-01-1880,0.16,30470
2026-01-1881,0.84,28747
2026-01-1882,0.28,27936
2026-01-1883,-0.96,10700
2026-01-1884,0.23,26364
2026-01-1885,-0.89,16040
2026-01-1886,-0.5,11504
2026-01-1887,-0.17,21766
2026-01-1888,0.41,2670
2026-01-1889,-0.55,10506
2026-01-1890,-0.12,23256
2026-01-1891,0.07,8266
2026-01-1892,-0.43,22678
2026-01-1893,0.99,12674
2026-01-1894,0.55,25191
2026-01-1895,0.9,29832
2026-01-1896,-0.42,10996
2026-01-1897,0.17,28290
2026-01-1898,0.67,1707
2026-01-1899,-0.66,28246
2026-01-1900,-0.38,19402
2026-01-1901,-0.61,3426
2026-01-1902,-0.05,30906
2026-01-1903,0.14,10350
2026-01-1904,0.86,5279
2026-01-1905,0.76,25822
2026-01-1906,-0.21,32301
2026-01-1907,-0.88,5676
2026-01-1908,0.64,7357
2026-01-1909,0.7,6038
2026-01-1910,0.12,10144
2026-01-1911,0.61,28180
2026-01-1912,-1,30643
2026-01-1913,-0.44,18061
2026-01-1914,-0.53,5939
2026-01-1915,-0.92,9290
2026-01-1916,-0.48,979
2026-01-1917,-0.82,21419
2026-01-1918,-0.93,22284
2026-01-1919,0.47,29977
2026-01-1920,-0.25,18613
2026-01-1921,0.09,13371
2026-01-1922,-0.58,16339
2026-01-1923,0.36,32621
2026-01-1924,0.01,26034
2026-01-1925,0.29,21358
2026-01-1926,-0.64,28469
2026-01-1927,-0.03,28504
2026-01-1928,0.98,4202
2026-01-1929,0.05,1238
2026-01-1930,-0.68,20065
2026-01-1931,0.16,14481
2026-01-1932,0.79,9023
2026-01-1933,0.27,1771
2026-01-1934,0.13,10382
2026-01-1935,0.4,24816
2026-01-1936,-0.12,15319
2026-01-1937,0.89,5513
2026-01-1938,-0.41,20851
2026-01-1939,-0.29,23283
2026-01-1940,0.64,27038
2026-01-1941,-0.88,3184
2026-01-1942,0.59,23501
2026-01-1943,0.74,28733
2026-01-1944,-0.41,27714
2026-01-1945,-0.51,6595
2026-01-1946,0.22,24541
2026-01-1947,-0.84,15377
2026-01-1948,-0.48,565
2026-01-1949,-0.09,138
2026-01-1950,0.1,20967
2026-01-1951,-0.45,13787
2026-01-1952,-0.76,18222
2026-01-1953,-0.61,27441
2026-01-1954,-0.52,26804
2026-01-1955,-0.66,19368
2026-01-1956,-0.59,8872
2026-01-1957,-0.32,19974
2026-01-1958,0.76,5137
2026-01-1959,-0.67,3241
2026-01-1960,0.45,18018
2026-01-1961,-0.85,22974
2026-01-1962,-0.48,846
2026-01-1963,0.56,25524
2026-01-1964,0.66,15581
2026-01-1965,0.44,32240
2026-01-1966,0.34,15296
2026-01-1967,-0.24,25027
2026-01-1968,-0.95,2018
2026-01-1969,-0.09,31641
2026-01-1970,-0.35,16191
2026-01-1971,-0.29,6259
2026-01-1972,0,20217
2026-01-1973,-0.84,1943
2026-01-1974,-0.76,17064
2026-01-1975,0.05,1157
2026-01-1976,0.02,7666
2026-01-1977,-0.25,32046
2026-01-1978,-0.68,29789
2026-01-1979,-0.54,2145
2026-01-1980,-0.97,13152
2026-01-1981,0.01,8326
2026-01-1982,0.53,21184
2026-01-1983,-0.51,30350
2026-01-1984,-0.95,24346
2026-01-1985,-0.75,28970
2026-01-1986,0.36,4795
2026-01-1987,0.93,11323
2026-01-1988,0.32,28856
2026-01-1989,-0.04,3210
2026-01-1990,0.76,5692
2026-01-1991,0.5,15290
2026-01-1992,0.95,13852
2026-01-1993,0.5,8315
2026-01-1994,-0.64,29361
2026-01-1995,0.6,9984
2026-01-1996,0.29,2534
2026-01-1997,-0.5,28082
2026-01-1998,-0.94,1936
2026-01-1999,0.84,10790
2026-01-2000,-0.83,29182
2026-01-2001,-0.34,23116
2026-01-2002,0.88,9425
2026-01-2003,0.01,5610
2026-01-2004,-0.5,19982
2026-01-2005,-0.79,5193
2026-01-2006,-0.62,16754
2026-01-2007,0.93,14895
2026-01-2008,-0.2,5638
2026-01-2009,0.67,17420
2026-01-2010,0.45,16883
2026-01-2011,-0.35,24696
2026-01-2012,-0.67,10390
2026-01-2013,-0.68,20189
2026-01-2014,-0.61,20183
2026-01-2015,-0.83,22129
2026-01-2016,0.53,10679
2026-01-2017,-0.87,10600
2026-01-2018,-0.48,15145
2026-01-2019,-0.39,2151
2026-01-2020,0.18,28963
2026-01-2021,-0.87,14907
2026-01-2022,0.54,31476
2026-01-2023,-0.83,11211
2026-01-2024,-0.71,2264
2026-01-2025,0.66,19531
2026-01-2026,0.42,10698
2026-01-2027,0.22,31155
2026-01-2028,0.87,15257
2026-01-2029,0.58,4464
2026-01-2030,0.62,8510
2026-01-2031,0.46,31065
2026-01-2032,0.8,13165
2026-01-2033,0.46,13540
2026-01-2034,-0.03,8042
2026-01-2035,-0.36,23194
2026-01-2036,0.84,10270
2026-01-2037,0.15,32200
2026-01-2038,-0.94,32106
2026-01-2039,0.02,24696
2026-01-2040,-0.67,7611
2026-01-2041,-0.33,415
2026-01-2042,-0.55,30175
2026-01-2043,0.54,23448
2026-01-2044,0.19,13079
2026-01-2045,0.88,26321
2026-01-2046,0.92,31597
2026-01-2047,0.97,13509
2026-01-2048,-0.48,71
2026-01-2049,-0.42,14122
2026-01-2050,-0.41,7997
2026-01-2051,0.99,1899
2026-01-2052,0.2,1320
2026-01-2053,-0.64,16984
2026-01-2054,0.12,1915
2026-01-2055,0.53,19485
2026-01-2056,0.41,10199
2026-01-2057,0.67,4208
2026-01-2058,-0.56,30169
2026-01-2059,-0.19,4879
2026-01-2060,0.08,17207
2026-01-2061,-0.41,25706
2026-01-2062,-0.51,24075
2026-01-2063,-0.74,20124
2026-01-2064,-0.93,17774
2026-01-2065,-0.16,20128
2026-01-2066,0.46,3145
2026-01-2067,-0.19,11714
2026-01-2068,0.49,24168
2026-01-2069,0.38,20307
2026-01-2070,0.93,23504
2026-01-2071,0.05,1697
2026-01-2072,-0.83,15955
2026-01-2073,-0.59,2343
2026-01-2074,0.33,32097
2026-01-2075,-0.21,20736
2026-01-2076,0.55,25633
2026-01-2077,0.54,930
2026-01-2078,-0.48,19904
2026-01-2079,-0.21,12488
2026-01-2080,-0.3,31754
2026-01-2081,-0.28,32176
2026-01-2082,0.01,15415
2026-01-2083,-0.14,4231
2026-01-2084,-0.2,19975
2026-01-2085,-0.4,20514
2026-01-2086,0.38,16657
2026-01-2087,0.9,19438
2026-01-2088,0.81,15447
2026-01-2089,-0.58,24618
2026-01-2090,-0.3,25631
2026-01-2091,-0.39,27219
2026-01-2092,0.81,20990
2026-01-2093,-0.67,8672
2026-01-2094,0.63,21302
2026-01-2095,0.02,26928
2026-01-2096,0.21,24898
2026-01-2097,-0.53,10945
2026-01-2098,-0.94,2222
2026-01-2099,-0.14,5794
2026-01-2100,0.77,12844
2026-01-2101,-0.17,21547
2026-01-2102,-0.6,485
2026-01-2103,-0.36,31723
2026-01-2104,0.37,16653
2026-01-2105,0.68,28130
2026-01-2106,-0.45,1466
2026-01-2107,-0.42,22512
2026-01-2108,-0.44,3318
2026-01-2109,-0.99,142
2026-01-2110,-0.24,31506
2026-01-2111,0.02,10684
2026-01-2112,-0.77,30270
2026-01-2113,0.12,8250
2026-01-2114,-0.25,20311
2026-01-2115,-0.5,19195
2026-01-2116,-0.12,11520
2026-01-2117,0.01,20183
2026-01-2118,0.98,27892
2026-01-2119,-0.52,6784
2026-01-2120,-0.55,12187
2026-01-2121,-0.38,28343
2026-01-2122,-0.42,16859
2026-01-2123,-0.29,14016
2026-01-2124,0.72,22832
2026-01-2125,-0.59,17683
2026-01-2126,-0.12,22015
2026-01-2127,0.76,18516
2026-01-2128,-0.02,39
2026-01-2129,-0.17,3205
2026-01-2130,0.97,29146
2026-01-2131,0.69,23675
2026-01-2132,0.17,9387
2026-01-2133,-0.8,6030
2026-01-2134,-0.58,21735
2026-01-2135,0.89,20373
2026-01-2136,-0.2,12073
2026-01-2137,0.77,786
2026-01-2138,0.81,31785
2026-01-2139,0.22,18345
2026-01-2140,0.79,16085
2026-01-2141,0.13,30935
2026-01-2142,0.35,30883
2026-01-2143,0.86,16096
2026-01-2144,-0.52,2085
2026-01-2145,0.52,521
2026-01-2146,-0.4,21982
2026-01-2147,-0.64,7688
2026-01-2148,0.19,17236
2026-01-2149,0.92,27065
2026-01-2150,-0.22,4198
2026-01-2151,-0.04,26386
2026-01-2152,-0.89,10976
2026-01-2153,0.47,12121
2026-01-2154,-0.98,7245
2026-01-2155,0.02,28564
2026-01-2156,0.39,2572
2026-01-2157,-0.43,2370
2026-01-2158,0.2,31654
2026-01-2159,0.59,11080
2026-01-2160,-0.02,23391
2026-01-2161,0.6,30510
2026-01-2162,0.91,25867
2026-01-2163,-0.67,1675
2026-01-2164,0.36,30499
2026-01-2165,0.75,25790
2026-01-2166,0.76,31256
2026-01-2167,-0.28,20703
2026-01-2168,-0.14,20967
2026-01-2169,0.15,23542
2026-01-2170,-0.05,3566
2026-01-2171,-0.44,14186
2026-01-2172,-0.63,19198
2026-01-2173,-0.74,18364
2026-01-2174,-0.15,31665
2026-01-2175,0.08,20340
2026-01-2176,0.6,2814
2026-01-2177,0.54,18012
2026-01-2178,0.52,3338
2026-01-2179,0.06,12525
2026-01-2180,-0.7,29249
2026-01-2181,0.79,3079
2026-01-2182,0.13,28838
2026-01-2183,0.17,8421
2026-01-2184,0.45,5991
2026-01-2185,0.69,21839
2026-01-2186,0.08,16565
2026-01-2187,0.62,19473
2026-01-2188,-0.19,21970
2026-01-2189,0.47,27053
2026-01-2190,0.08,6508
2026-01-2191,0.15,4429
2026-01-2192,-0.34,27689
2026-01-2193,-0.37,11771
2026-01-2194,0.41,16259
2026-01-2195,-0.69,23572
2026-01-2196,0.14,10966
2026-01-2197,0.88,18170
2026-01-2198,0.68,22199
2026-01-2199,-0.45,3850
2026-01-2200,-0.56,12936
2026-01-2201,-0.22,19406
2026-01-2202,-0.73,10313
2026-01-2203,0.23,32371
2026-01-2204,0.27,17073
2026-01-2205,-0.39,2173
2026-01-2206,0.34,31102
2026-01-2207,0.87,31417
2026-01-2208,-0.37,6153
2026-01-2209,0.26,20595
2026-01-2210,-0.05,29213
2026-01-2211,-0.94,27370
2026-01-2212,-0.41,23305
2026-01-2213,-0.04,24833
2026-01-2214,-0.77,4852
2026-01-2215,-0.21,30519
2026-01-2216,0.26,7793
2026-01-2217,0.85,21465
2026-01-2218,0.71,15444
2026-01-2219,0.07,17271
2026-01-2220,-0.13,28099
2026-01-2221,0.19,8596
2026-01-2222,0.15,17552
2026-01-2223,-0.08,14753
2026-01-2224,-0.43,27590
2026-01-2225,0.59,13357
2026-01-2226,-0.14,7809
2026-01-2227,-0.35,25686
2026-01-2228,-0.81,259
2026-01-2229,0.13,2435
2026-01-2230,-0.72,4101
2026-01-2231,-0.32,22869
2026-01-2232,-0.44,6731
2026-01-2233,0.78,26074
2026-01-2234,0.95,30843
2026-01-2235,-0.26,13316
2026-01-2236,-0.76,30511
2026-01-2237,0.85,5722
2026-01-2238,0.71,10057
2026-01-2239,-0.05,8174
2026-01-2240,-0.62,2183
2026-01-2241,-0.42,17295
2026-01-2242,0.22,16983
2026-01-2243,-0.69,29503
2026-01-2244,-0.68,24300
2026-01-2245,0.9,21480
2026-01-2246,-0.92,15505
2026-01-2247,0.02,22858
2026-01-2248,-0.82,10557
2026-01-2249,0.61,24120
2026-01-2250,-0.72,23656
2026-01-2251,0.13,3332
2026-01-2252,-0.08,17182
2026-01-2253,-0.33,11320
2026-01-2254,0.58,21074
2026-01-2255,0.87,9094
2026-01-2256,0.83,21364
2026-01-2257,-0.36,19714
2026-01-2258,0.46,24390
2026-01-2259,-0.75,26255
2026-01-2260,0.63,31467
2026-01-2261,0.92,14231
2026-01-2262,-0.81,2880
2026-01-2263,0.18,16128
2026-01-2264,0.48,4720
2026-01-2265,-0.21,32091
2026-01-2266,0.66,27587
2026-01-2267,-0.92,12126
2026-01-2268,-0.75,31159
2026-01-2269,0.18,3220
2026-01-2270,-0.65,31314
2026-01-2271,-0.44,24147
2026-01-2272,0.56,30134
2026-01-2273,0.6,751
2026-01-2274,-0.92,31478
2026-01-2275,-0.06,12589
2026-01-2276,0.24,7976
2026-01-2277,-0.06,4090
2026-01-2278,0.89,29372
2026-01-2279,-0.81,30301
2026-01-2280,0.02,24844
2026-01-2281,0.23,26539
2026-01-2282,-0.91,11827
2026-01-2283,-0.63,8186
2026-01-2284,-0.84,1827
2026-01-2285,0.69,17623
2026-01-2286,-0.01,22514
2026-01-2287,-0.85,3644
2026-01-2288,-0.64,23669
2026-01-2289,0.78,31676
2026-01-2290,-0.42,7952
2026-01-2291,-0.54,27137
2026-01-2292,0.15,22988
2026-01-2293,-0.84,7288
2026-01-2294,0.82,28074
2026-01-2295,0.33,3915
2026-01-2296,-0.44,25656
2026-01-2297,-0.38,9616
2026-01-2298,0.24,12129
2026-01-2299,-0.58,1984
2026-01-2300,-0.28,7049
2026-01-2301,0.96,18026
2026-01-2302,0.82,10202
2026-01-2303,0.75,5416
2026-01-2304,-0.35,14552
2026-01-2305,0.59,12755
2026-01-2306,-0.83,22844
2026-01-2307,0.54,19443
2026-01-2308,-0.76,31999
2026-01-2309,-0.78,121
2026-01-2310,0.33,31413
2026-01-2311,0.17,15793
2026-01-2312,-0.27,12060
2026-01-2313,0.75,9074
2026-01-2314,0.85,32501
2026-01-2315,-0.78,13208
2026-01-2316,0.95,11026
2026-01-2317,0.2,26291
2026-01-2318,0.88,10929
2026-01-2319,-0.28,30977
2026-01-2320,0.93,8
2026-01-2321,-0.46,922
2026-01-2322,-0.24,15137
2026-01-2323,-0.84,13803
2026-01-2324,-0.1,7912
2026-01-2325,-0.11,17253
2026-01-2326,0.79,7299
2026-01-2327,0.22,22902
2026-01-2328,-0.98,6369
2026-01-2329,-0.46,12729
2026-01-2330,0.34,12438
2026-01-2331,-0.26,5226
2026-01-2332,-0.37,28134
2026-01-2333,0.72,24348
2026-01-2334,-0.47,9503
2026-01-2335,0.07,25518
2026-01-2336,0.33,27437
2026-01-2337,-0.05,13179
2026-01-2338,-0.39,23144
2026-01-2339,-0.41,10961
2026-01-2340,0.07,6576
2026-01-2341,-0.28,20645
2026-01-2342,0.92,22972
2026-01-2343,-0.72,24196
2026-01-2344,-0.89,15535
2026-01-2345,-0.65,1229
2026-01-2346,0.16,23532
2026-01-2347,0.56,16158
2026-01-2348,0.49,24620
2026-01-2349,-0.04,19724
2026-01-2350,0.2,24526
2026-01-2351,-0.94,8983
2026-01-2352,-0.55,30574
2026-01-2353,-0.09,26588
2026-01-2354,0.38,20664
2026-01-2355,0.04,20877
2026-01-2356,0.53,2942
2026-01-2357,-0.96,30623
2026-01-2358,-0.48,15625
2026-01-2359,-0.89,27842
2026-01-2360,0.24,31149
2026-01-2361,0.35,13590
2026-01-2362,0.46,7328
2026-01-2363,-0.45,27804
2026-01-2364,0.41,16909
2026-01-2365,0.81,12779
2026-01-2366,0.02,10083
2026-01-2367,-0.08,10532
2026-01-2368,0.12,26099
2026-01-2369,0.61,11047
2026-01-2370,-0.95,15290
2026-01-2371,0.69,29959
2026-01-2372,-0.72,22139
2026-01-2373,-0.72,27580
2026-01-2374,-0.29,21778
2026-01-2375,-0.6,18456
2026-01-2376,0.48,29444
2026-01-2377,0.45,16125
2026-01-2378,-0.9,4698
2026-01-2379,-0.84,31180
2026-01-2380,-0.85,6064
2026-01-2381,-0.74,29472
2026-01-2382,-0.21,19593
2026-01-2383,-0.18,3005
2026-01-2384,0.36,15333
2026-01-2385,0.05,27587
2026-01-2386,0.32,15638
2026-01-2387,0.65,1064
2026-01-2388,0.18,8399
2026-01-2389,-0.68,17508
2026-01-2390,-0.04,13438
2026-01-2391,0.78,22638
2026-01-2392,-0.55,4059
2026-01-2393,0.69,744
2026-01-2394,0.62,24769
2026-01-2395,-0.51,26518
2026-01-2396,-0.33,10558
2026-01-2397,0.43,23061
2026-01-2398,-0.97,9190
2026-01-2399,0.86,1226
2026-01-2400,-0.97,17004
2026-01-2401,0,31768
2026-01-2402,-0.77,31347
2026-01-2403,0.96,4566
2026-01-2404,-0.7,21665
2026-01-2405,0.52,32000
2026-01-2406,-0.83,29173
2026-01-2407,0.86,10668
2026-01-2408,0.97,31579
2026-01-2409,-0.76,17728
2026-01-2410,-0.4,12158
2026-01-2411,-0.75,23267
2026-01-2412,0.12,734
2026-01-2413,-0.48,5169
2026-01-2414,0.62,1570
2026-01-2415,-0.89,29235
2026-01-2416,-0.1,1711
2026-01-2417,-0.36,4750
2026-01-2418,0.6,7545
2026-01-2419,0.67,21754
2026-01-2420,0.87,8217
2026-01-2421,0.65,29942
2026-01-2422,-0.12,10273
2026-01-2423,-0.85,27579
2026-01-2424,-0.63,9388
2026-01-2425,-0.31,11886
2026-01-2426,-0.7,10809
2026-01-2427,-0.6,7321
2026-01-2428,0.19,29881
2026-01-2429,-0.74,13020
2026-01-2430,-0.89,20454
2026-01-2431,-0.07,21984
2026-01-2432,0.57,22999
2026-01-2433,0.36,18829
2026-01-2434,0.5,21457
2026-01-2435,-0.95,10365
2026-01-2436,0.34,30049
2026-01-2437,-0.06,28592
2026-01-2438,-0.3,30119
2026-01-2439,-0.83,29313
2026-01-2440,-0.47,16117
2026-01-2441,0.77,19160
2026-01-2442,0.05,153
2026-01-2443,0.91,6562
2026-01-2444,0.76,4854
2026-01-2445,-0.28,11134
2026-01-2446,-0.84,25050
2026-01-2447,0.93,21945
2026-01-2448,-0.48,20747
2026-01-2449,0.21,8061
2026-01-2450,0.44,20259
2026-01-2451,0.66,2885
2026-01-2452,-0.61,2718
2026-01-2453,0.07,5268
2026-01-2454,0.54,32050
2026-01-2455,-0.68,13799
2026-01-2456,-0.8,16735
2026-01-2457,-0.02,2792
2026-01-2458,0.16,26182
2026-01-2459,-0.71,25316
2026-01-2460,-0.41,13758
2026-01-2461,0.83,22399
2026-01-2462,0.35,8357
2026-01-2463,-0.3,15271
2026-01-2464,0.42,17780
2026-01-2465,-0.23,30406
2026-01-2466,-0.05,17686
2026-01-2467,-0.97,8252
2026-01-2468,0.18,23035
2026-01-2469,-0.15,28428
2026-01-2470,-0.22,25960
2026-01-2471,0.01,20949
2026-01-2472,0.64,26385
2026-01-2473,-0.74,17157
2026-01-2474,0.37,4841
2026-01-2475,0.38,11593
2026-01-2476,-0.04,31033
2026-01-2477,-0.07,29768
2026-01-2478,-0.27,29935
2026-01-2479,0.09,30096
2026-01-2480,0.81,21561
2026-01-2481,0.39,5584
2026-01-2482,0.23,28499
2026-01-2483,0.31,11849
2026-01-2484,-0.58,8606
2026-01-2485,-0.5,28287
2026-01-2486,-0.6,22769
2026-01-2487,-0.77,1588
2026-01-2488,-0.33,12083
2026-01-2489,-1,11158
2026-01-2490,-0.94,16938
2026-01-2491,-0.37,20920
2026-01-2492,0.66,15758
2026-01-2493,-0.15,9023
2026-01-2494,-0.71,19298
2026-01-2495,0.56,5470
2026-01-2496,0.75,24196
2026-01-2497,-0.17,9988
2026-01-2498,-0.81,2946
2026-01-2499,0.9,8275
2026-01-2500,-0.31,25519
2026-01-2501,0.41,26197
2026-01-2502,0.45,1654
2026-01-2503,0.58,14058
2026-01-2504,0.94,23791
2026-01-2505,0.41,24837
2026-01-2506,0,13232
2026-01-2507,-0.25,19736
2026-01-2508,-0.62,9958
2026-01-2509,0.8,27085
2026-01-2510,-0.87,5284
2026-01-2511,-0.47,20727
2026-01-2512,-0.15,2426
2026-01-2513,-0.3,14536
2026-01-2514,-0.19,23370
2026-01-2515,0.49,1348
2026-01-2516,-0.23,26199
2026-01-2517,-0.65,3573
2026-01-2518,0.37,8351
2026-01-2519,0.31,27617
2026-01-2520,-0.67,30571
2026-01-2521,0.76,25529
2026-01-2522,0.31,11044
2026-01-2523,0.42,16467
2026-01-2524,-1,7528
2026-01-2525,0.16,12634
2026-01-2526,0.99,17757
2026-01-2527,-0.6,581
2026-01-2528,-0.77,15941
2026-01-2529,0.31,15749
2026-01-2530,0.39,9299
2026-01-2531,0.75,4099
2026-01-2532,0.63,13245
2026-01-2533,0.26,201
2026-01-2534,-0.76,24083
2026-01-2535,0.89,20735
2026-01-2536,-0.76,18895
2026-01-2537,0.45,6170
2026-01-2538,-0.17,28717
2026-01-2539,0.92,28752
2026-01-2540,0.24,19773
2026-01-2541,0.4,18255
2026-01-2542,-0.32,22070
2026-01-2543,-0.57,10030
2026-01-2544,0.56,10765
2026-01-2545,0.14,2980
2026-01-2546,-0.42,12358
2026-01-2547,0.24,6008
2026-01-2548,0.11,6667
2026-01-2549,0.17,15928
2026-01-2550,0.9,31099
2026-01-2551,0.8,13870
2026-01-2552,0.9,25412
2026-01-2553,-1,18064
2026-01-2554,-0.25,20084
2026-01-2555,-0.18,17911
2026-01-2556,0.06,9868
2026-01-2557,-0.56,23826
2026-01-2558,-0.64,17366
2026-01-2559,0.92,24988
2026-01-2560,-0.62,15865
2026-01-2561,-0.88,23947
2026-01-2562,-0.54,19659
2026-01-2563,-0.48,5771
2026-01-2564,-0.44,11110
2026-01-2565,-0.43,10666
2026-01-2566,-0.5,12670
2026-01-2567,0.45,3925
2026-01-2568,0.48,5874
2026-01-2569,0.74,7043
2026-01-2570,-0.71,5536
2026-01-2571,0.63,20016
2026-01-2572,-0.42,23934
2026-01-2573,0.01,2061
2026-01-2574,-0.45,3815
2026-01-2575,0.74,30582
2026-01-2576,0.39,12082
2026-01-2577,-0.76,20900
2026-01-2578,0.75,19337
2026-01-2579,0.76,11300
2026-01-2580,-0.76,15864
2026-01-2581,0.37,2695
2026-01-2582,0.25,18629
2026-01-2583,-0.49,29788
2026-01-2584,0.94,31744
2026-01-2585,0.06,10075
2026-01-2586,-0.29,6490
2026-01-2587,-0.16,14819
2026-01-2588,0.79,27195
2026-01-2589,0.58,16807
2026-01-2590,-0.55,15374
2026-01-2591,-0.62,21156
2026-01-2592,-0.8,30432
2026-01-2593,0.66,27222
2026-01-2594,0.57,553
2026-01-2595,-0.29,6955
2026-01-2596,0.89,27625
2026-01-2597,-0.71,3128
2026-01-2598,-0.61,1527
2026-01-2599,0.94,8490
2026-01-2600,-0.52,28054
2026-01-2601,0.17,24192
2026-01-2602,0.3,12618
2026-01-2603,0.48,24056
2026-01-2604,0.9,2282
2026-01-2605,0.43,26439
2026-01-2606,0.01,21493
2026-01-2607,0.27,269
2026-01-2608,0.93,21033
2026-01-2609,-0.69,3592
2026-01-2610,0.35,19026
2026-01-2611,-0.58,19080
2026-01-2612,-0.84,4961
2026-01-2613,0.17,15907
2026-01-2614,0.2,13245
2026-01-2615,0.66,30121
2026-01-2616,0.82,2782
2026-01-2617,-0.94,6491
2026-01-2618,-0.3,14615
2026-01-2619,0.95,13143
2026-01-2620,0.63,14771
2026-01-2621,0.92,14935
2026-01-2622,-0.83,25412
2026-01-2623,-0.19,13467
2026-01-2624,0.21,16952
2026-01-2625,0.22,1828
2026-01-2626,-0.7,429
2026-01-2627,-0.76,17699
2026-01-2628,0.53,22151
2026-01-2629,0.94,5041
2026-01-2630,-0.36,8383
2026-01-2631,0.2,30144
2026-01-2632,0.88,14077
2026-01-2633,-0.87,5202
2026-01-2634,-0.42,4202
2026-01-2635,0.53,22249
2026-01-2636,-0.42,16575
2026-01-2637,-0.1,24638
2026-01-2638,-0.77,31395
2026-01-2639,0.01,17205
2026-01-2640,0.58,3123
2026-01-2641,-0.13,1041
2026-01-2642,-0.74,2530
2026-01-2643,-0.91,14820
2026-01-2644,0.35,7043
2026-01-2645,0.31,25674
2026-01-2646,0.02,8100
2026-01-2647,-0.29,18775
2026-01-2648,-0.91,6430
2026-01-2649,0.94,28622
2026-01-2650,0.36,6890
2026-01-2651,-0.85,2452
2026-01-2652,0.54,9782
2026-01-2653,0.33,25188
2026-01-2654,-0.45,11960
2026-01-2655,0.45,9923
2026-01-2656,0.42,14659
2026-01-2657,-0.13,5943
2026-01-2658,0.47,18584
2026-01-2659,0.89,31668
2026-01-2660,0.88,3198
2026-01-2661,-0.2,27479
2026-01-2662,0.07,1813
2026-01-2663,-0.4,15447
2026-01-2664,-0.54,7271
2026-01-2665,0.82,12344
2026-01-2666,0.42,16448
2026-01-2667,-0.64,12353
2026-01-2668,0.49,13888
2026-01-2669,-0.77,11825
2026-01-2670,-0.49,6190
2026-01-2671,-0.61,32046
2026-01-2672,0.62,5775
2026-01-2673,-0.76,14078
2026-01-2674,0.85,10103
2026-01-2675,0.81,377
2026-01-2676,0.5,6048
2026-01-2677,0.7,18494
2026-01-2678,-0.84,12729
2026-01-2679,0.26,16038
2026-01-2680,0.15,28672
2026-01-2681,0.52,15862
2026-01-2682,-0.79,27667
2026-01-2683,0.28,21465
2026-01-2684,0.29,259
2026-01-2685,-0.18,5389
2026-01-2686,0.86,21419
2026-01-2687,0.35,2140
2026-01-2688,-0.34,13632
2026-01-2689,-0.15,15822
2026-01-2690,-0.97,5161
2026-01-2691,-0.04,26141
2026-01-2692,0.5,28432
2026-01-2693,-0.28,32361
2026-01-2694,0.7,32313
2026-01-2695,0.65,25645
2026-01-2696,0.2,1810
2026-01-2697,0.28,25970
2026-01-2698,-0.79,3596
2026-01-2699,-0.96,8514
2026-01-2700,0.99,23210
2026-01-2701,-0.31,19552
2026-01-2702,-0.65,471
2026-01-2703,0.44,11830
2026-01-2704,0.82,27261
2026-01-2705,0.95,27151
2026-01-2706,-0.34,83
2026-01-2707,0.1,26758
2026-01-2708,0.72,2295
2026-01-2709,0.06,30014
2026-01-2710,-0.48,20284
2026-01-2711,0.05,25812
2026-01-2712,-0.79,6341
2026-01-2713,0.75,22290
2026-01-2714,0.25,6611
2026-01-2715,0.67,26982
2026-01-2716,0.83,23387
2026-01-2717,0.93,28050
2026-01-2718,-0.21,18268
2026-01-2719,-0.26,30884
2026-01-2720,-0.71,20335
2026-01-2721,-0.4,24105
2026-01-2722,0.11,24992
2026-01-2723,-0.76,27550
2026-01-2724,-0.84,8060
2026-01-2725,-0.99,30759
2026-01-2726,0.09,2923
2026-01-2727,-0.33,7300
2026-01-2728,-0.75,8256
2026-01-2729,0.4,10048
2026-01-2730,-0.45,1807
2026-01-2731,-0.51,8491
2026-01-2732,0.6,24382
2026-01-2733,-0.64,30219
2026-01-2734,-0.3,19679
2026-01-2735,0.25,5519
2026-01-2736,-0.91,16701
2026-01-2737,-0.69,8324
2026-01-2738,-0.93,12725
2026-01-2739,0.01,30283
2026-01-2740,0.69,12488
2026-01-2741,0.64,13963
2026-01-2742,0.24,7534
2026-01-2743,0.7,2851
2026-01-2744,0.97,23724
2026-01-2745,0.11,20067
2026-01-2746,-0.35,20840
2026-01-2747,0.79,24955
2026-01-2748,-0.72,1661
2026-01-2749,-0.68,18227
2026-01-2750,0.6,16139
2026-01-2751,-0.34,22237
2026-01-2752,-0.52,24848
2026-01-2753,-0.96,7048
2026-01-2754,0.65,28221
2026-01-2755,0.33,13175
2026-01-2756,-0.59,32514
2026-01-2757,0.47,17362
2026-01-2758,0.54,29676
2026-01-2759,-0.46,21658
2026-01-2760,0.21,20784
2026-01-2761,-0.12,10466
2026-01-2762,0.16,30856
2026-01-2763,0.8,26429
2026-01-2764,0.37,13629
2026-01-2765,0.89,9843
2026-01-2766,-0.96,20101
2026-01-2767,0.84,12920
2026-01-2768,0.87,5136
2026-01-2769,-0.48,7582
2026-01-2770,0.28,6366
2026-01-2771,-0.28,29193
2026-01-2772,0.58,4179
2026-01-2773,0.83,5987
2026-01-2774,-0.77,397
2026-01-2775,-0.04,16594
2026-01-2776,0.01,17653
2026-01-2777,0.2,30503
2026-01-2778,-0.28,20
2026-01-2779,0.32,4953
2026-01-2780,-0.76,5033
2026-01-2781,-0.43,15665
2026-01-2782,0.32,12280
2026-01-2783,0.67,16966
2026-01-2784,-0.1,868
2026-01-2785,0.26,22828
2026-01-2786,-0.21,14144
2026-01-2787,0.03,9449
2026-01-2788,-0.67,12003
2026-01-2789,0.1,3240
2026-01-2790,-0.73,15610
2026-01-2791,0.27,15282
2026-01-2792,0.93,17187
2026-01-2793,-0.37,23961
2026-01-2794,0.65,28599
2026-01-2795,-0.49,27318
2026-01-2796,-0.19,3558
2026-01-2797,0.03,6358
2026-01-2798,-0.62,7178
2026-01-2799,-0.36,17457
2026-01-2800,0.72,7221
2026-01-2801,0.22,25756
2026-01-2802,-0.33,21260
2026-01-2803,-0.02,25343
2026-01-2804,-0.66,26841
2026-01-2805,-0.81,25352
2026-01-2806,-0.38,8411
2026-01-2807,-0.89,21793
2026-01-2808,-0.95,6881
2026-01-2809,-0.49,25760
2026-01-2810,-0.02,21271
2026-01-2811,-0.58,5694
2026-01-2812,-0.16,21535
2026-01-2813,0,10955
2026-01-2814,0.55,20323
2026-01-2815,-0.5,6688
2026-01-2816,0.39,4010
2026-01-2817,-0.83,14932
2026-01-2818,0.48,31210
2026-01-2819,-0.05,26419
2026-01-2820,-0.52,4189
2026-01-2821,0.71,15851
2026-01-2822,-0.05,11223
2026-01-2823,-0.63,16649
2026-01-2824,-1,24407
2026-01-2825,0.34,30884
2026-01-2826,0.77,14812
2026-01-2827,-0.59,25304
2026-01-2828,-0.04,23162
2026-01-2829,0.37,18551
2026-01-2830,-0.49,2732
2026-01-2831,0.65,18938
2026-01-2832,-0.55,21228
2026-01-2833,0.94,14526
2026-01-2834,0.78,15745
2026-01-2835,0.28,4205
2026-01-2836,0.49,15257
2026-01-2837,0.12,9401
2026-01-2838,0.99,24727
2026-01-2839,-0.08,22353
2026-01-2840,0.95,26542
2026-01-2841,0.67,27149
2026-01-2842,0.76,14255
2026-01-2843,0.42,16748
2026-01-2844,0.03,22815
2026-01-2845,-0.53,11073
2026-01-2846,0.65,4749
2026-01-2847,0.37,32169
2026-01-2848,0.31,7970
2026-01-2849,-0.47,8768
2026-01-2850,-0.48,13178
2026-01-2851,0.56,24981
2026-01-2852,-0.05,17586
2026-01-2853,0.29,731
2026-01-2854,-0.22,17859
2026-01-2855,0.52,5089
2026-01-2856,0.58,20238
2026-01-2857,-0.46,27972
2026-01-2858,-0.92,25656
2026-01-2859,0.71,18147
2026-01-2860,0.03,19511
2026-01-2861,0.74,28819
2026-01-2862,0.07,12205
2026-01-2863,0.99,788
2026-01-2864,-0.39,29045
2026-01-2865,-0.65,7492
2026-01-2866,0.32,30076
2026-01-2867,-0.33,403
2026-01-2868,0.67,18899
2026-01-2869,-0.46,10167
2026-01-2870,-0.88,26114
2026-01-2871,0.29,5793
2026-01-2872,0.77,29854
2026-01-2873,-0.88,6831
2026-01-2874,-0.11,23326
2026-01-2875,-0.53,11299
2026-01-2876,-0.11,29674
2026-01-2877,-0.64,6612
2026-01-2878,0.87,11957
2026-01-2879,0.03,19491
2026-01-2880,-0.18,2829
2026-01-2881,-0.73,13361
2026-01-2882,0.52,8496
2026-01-2883,-0.54,15183
2026-01-2884,0.97,11554
2026-01-2885,-0.68,18102
2026-01-2886,0.45,20476
2026-01-2887,-0.76,9081
2026-01-2888,0.95,31623
2026-01-2889,-0.68,28343
2026-01-2890,-0.98,15369
2026-01-2891,-0.18,19989
2026-01-2892,-0.63,21599
2026-01-2893,-0.65,3179
2026-01-2894,-0.46,24652
2026-01-2895,0.99,28350
2026-01-2896,0.32,28945
2026-01-2897,-0.07,21871
2026-01-2898,-0.51,22590
2026-01-2899,-0.96,32177
2026-01-2900,0.05,5319
2026-01-2901,0.5,30528
2026-01-2902,-0.72,5722
2026-01-2903,-0.32,8785
2026-01-2904,0.74,19184
2026-01-2905,-0.49,18884
2026-01-2906,-0.63,10915
2026-01-2907,0.89,11681
2026-01-2908,-0.26,13759
2026-01-2909,-0.5,4546
2026-01-2910,-0.4,6427
2026-01-2911,-0.67,9421
2026-01-2912,0.61,27818
2026-01-2913,0.46,21350
2026-01-2914,-0.37,16461
2026-01-2915,-0.54,23458
2026-01-2916,0.94,27371
2026-01-2917,0.45,13502
2026-01-2918,-0.54,20420
2026-01-2919,-0.46,7953
2026-01-2920,0.6,3586
2026-01-2921,-0.81,28735
2026-01-2922,-0.84,20113
2026-01-2923,0.35,28592
2026-01-2924,-0.82,9265
2026-01-2925,0.7,22336
2026-01-2926,0.25,12746
2026-01-2927,-0.56,19512
2026-01-2928,-0.18,2815
2026-01-2929,0.05,25726
2026-01-2930,-0.99,773
2026-01-2931,0.06,3080
2026-01-2932,0.93,23990
2026-01-2933,0.91,24214
2026-01-2934,-0.77,5857
2026-01-2935,0,18849
2026-01-2936,0.22,13285
2026-01-2937,0.62,2702
2026-01-2938,-0.32,21374
2026-01-2939,0.52,23848
2026-01-2940,-0.65,28638
2026-01-2941,0.62,28237
2026-01-2942,-0.28,1792
2026-01-2943,-1,26343
2026-01-2944,0.19,7481
2026-01-2945,0.7,8991
2026-01-2946,0.45,19984
2026-01-2947,0.14,27085
2026-01-2948,-0.21,24399
2026-01-2949,-0.18,14386
2026-01-2950,0.19,2650
2026-01-2951,0.93,30185
2026-01-2952,0.16,28608
2026-01-2953,-0.12,9499
2026-01-2954,-0.75,26896
2026-01-2955,0.69,25331
2026-01-2956,-0.86,11502
2026-01-2957,0.7,19537
2026-01-2958,0.98,31077
2026-01-2959,0.98,6851
2026-01-2960,-0.12,14463
2026-01-2961,-0.47,3505
2026-01-2962,0.41,21267
2026-01-2963,-0.38,29655
2026-01-2964,-0.19,9695
2026-01-2965,-0.82,26872
2026-01-2966,-0.06,19670
2026-01-2967,0.38,7121
2026-01-2968,-0.55,14523
2026-01-2969,-0.57,12365
2026-01-2970,0.18,17135
2026-01-2971,0.37,4599
2026-01-2972,-0.01,13192
2026-01-2973,0.54,19124
2026-01-2974,-0.69,28066
2026-01-2975,-0.71,12722
2026-01-2976,0.56,13818
2026-01-2977,-0.25,1692
2026-01-2978,0.1,18361
2026-01-2979,0.32,19728
2026-01-2980,0.22,11149
2026-01-2981,-0.23,31826
2026-01-2982,0.48,1278
2026-01-2983,0.77,22338
2026-01-2984,0.75,18944
2026-01-2985,0.25,139
2026-01-2986,-0.79,6340
2026-01-2987,-0.6,7966
2026-01-2988,-0.19,8148
2026-01-2989,0.47,9951
2026-01-2990,0.07,19551
2026-01-2991,0.1,6557
2026-01-2992,-0.23,13009
2026-01-2993,-0.97,21576
2026-01-2994,0.4,26023
2026-01-2995,0.74,15454
2026-01-2996,0.69,11906
2026-01-2997,-0.15,24999
2026-01-2998,-0.52,23930
2026-01-2999,0.73,26658
2026-01-3000,-0.84,8884
2026-01-3001,0.73,20031
2026-01-3002,-0.96,9783
2026-01-3003,0.91,25422
2026-01-3004,-0.9,20987
2026-01-3005,0.64,568
2026-01-3006,0.94,579
2026-01-3007,-0.77,25709
2026-01-3008,-0.43,4141
2026-01-3009,-0.15,8477
2026-01-3010,-0.77,27272
2026-01-3011,-0.72,11435
2026-01-3012,0.49,12517
2026-01-3013,-0.91,27743
2026-01-3014,-0.33,1265
2026-01-3015,0.9,12891
2026-01-3016,0.69,1538
2026-01-3017,-0.96,13776
2026-01-3018,-0.88,10991
2026-01-3019,-0.07,23409
2026-01-3020,-0.8,28197
2026-01-3021,-0.38,25128
2026-01-3022,0,32759
2026-01-3023,-0.58,18440
2026-01-3024,-0.11,29494
2026-01-3025,-0.58,31620
2026-01-3026,-0.14,6146
2026-01-3027,0.64,11486
2026-01-3028,-0.29,30943
2026-01-3029,-0.34,21474
2026-01-3030,-0.55,11788
2026-01-3031,0.49,15827
2026-01-3032,0.54,31504
2026-01-3033,-0.19,14246
2026-01-3034,0.57,27285
2026-01-3035,0.14,10350
2026-01-3036,-0.68,23673
2026-01-3037,0.43,12312
2026-01-3038,-0.68,14883
2026-01-3039,-0.61,7768
2026-01-3040,0.89,17683
2026-01-3041,-0.91,21987
2026-01-3042,0.95,13245
2026-01-3043,0.12,28639
2026-01-3044,0.35,4248
2026-01-3045,-0.21,13207
2026-01-3046,-0.7,3954
2026-01-3047,-0.99,13940
2026-01-3048,-0.57,19718
2026-01-3049,-0.88,14377
2026-01-3050,-0.77,11472
2026-01-3051,0.83,3885
2026-01-3052,-0.14,18720
2026-01-3053,-0.43,14702
2026-01-3054,-0.61,10606
2026-01-3055,-0.24,25924
2026-01-3056,-0.48,13037
2026-01-3057,-0.65,1699
2026-01-3058,0.16,1890
2026-01-3059,0.67,19606
2026-01-3060,-0.79,17975
2026-01-3061,0.2,2792
2026-01-3062,0.65,25547
2026-01-3063,-0.42,27684
2026-01-3064,0.31,2829
2026-01-3065,0.82,32705
2026-01-3066,0.62,15689
2026-01-3067,0.23,30870
2026-01-3068,0.42,9282
2026-01-3069,0.96,12180
2026-01-3070,0.69,19072
2026-01-3071,0.15,16051
2026-01-3072,0.36,11755
2026-01-3073,0.74,18477
2026-01-3074,0.54,24729
2026-01-3075,-0.18,15851
2026-01-3076,0.69,11237
2026-01-3077,0.01,15676
2026-01-3078,-0.96,27073
2026-01-3079,0.61,21197
2026-01-3080,0.95,2125
2026-01-3081,-0.15,15062
2026-01-3082,-0.71,27560
2026-01-3083,0.18,29073
2026-01-3084,-0.21,8709
2026-01-3085,-0.38,10224
2026-01-3086,0.74,7682
2026-01-3087,-0.25,28815
2026-01-3088,0.43,27446
2026-01-3089,0.32,14568
2026-01-3090,-0.16,4361
2026-01-3091,-0.28,25286
2026-01-3092,-0.34,6089
2026-01-3093,0.51,4604
2026-01-3094,-0.67,25594
2026-01-3095,-0.24,598
2026-01-3096,-0.96,23533
2026-01-3097,-0.32,31184
2026-01-3098,-0.83,2964
2026-01-3099,-0.84,11014
2026-01-3100,-0.34,14996
2026-01-3101,-0.27,7148
2026-01-3102,0.1,10396
2026-01-3103,0.41,25791
2026-01-3104,-0.34,25589
2026-01-3105,-0.8,23355
2026-01-3106,0.48,28251
2026-01-3107,-0.19,32271
2026-01-3108,-0.75,9228
2026-01-3109,0.73,13454
2026-01-3110,0.09,6430
2026-01-3111,-0.62,13991
2026-01-3112,0.39,24853
2026-01-3113,-0.52,12567
2026-01-3114,-0.46,29877
2026-01-3115,-0.1,31197
2026-01-3116,-0.44,10773
2026-01-3117,0.89,26862
2026-01-3118,0.36,29429
2026-01-3119,-0.12,10539
2026-01-3120,0.85,21841
2026-01-3121,0.67,5520
2026-01-3122,0.6,21047
2026-01-3123,0.81,30382
2026-01-3124,-0.94,11989
2026-01-3125,0.84,13403
2026-01-3126,0.6,21462
2026-01-3127,0.32,20392
2026-01-3128,-0.57,14063
2026-01-3129,0.23,14611
2026-01-3130,0.4,692
2026-01-3131,-0.57,22270
2026-01-3132,0.19,28849
2026-01-3133,0.12,20576
2026-01-3134,-0.55,2486
2026-01-3135,0.56,28603
2026-01-3136,0.64,16498
2026-01-3137,0.08,12878
2026-01-3138,0.38,6723
2026-01-3139,-0.95,22411
2026-01-3140,0.93,23117
2026-01-3141,0.43,1227
2026-01-3142,0.14,25290
2026-01-3143,-0.84,20801
2026-01-3144,0.39,16544
2026-01-3145,-0.64,20012
2026-01-3146,-0.26,5433
2026-01-3147,0.4,24401
2026-01-3148,0.83,21135
2026-01-3149,-0.72,30633
2026-01-3150,-0.63,32134
2026-01-3151,0.77,3671
2026-01-3152,0.22,27263
2026-01-3153,-0.41,24540
2026-01-3154,0.68,10282
2026-01-3155,-0.52,20366
2026-01-3156,-0.1,3227
2026-01-3157,-0.42,32071
2026-01-3158,0.06,6305
2026-01-3159,-0.99,25434
2026-01-3160,0.7,9555
2026-01-3161,0.07,4299
2026-01-3162,0.3,4075
2026-01-3163,-0.97,21439
2026-01-3164,0.94,22488
2026-01-3165,-0.36,26673
2026-01-3166,-0.52,25358
2026-01-3167,-0.2,32487
2026-01-3168,0.64,23713
2026-01-3169,-0.87,12452
2026-01-3170,0.7,24978
2026-01-3171,0.66,12704
2026-01-3172,-0.84,28649
2026-01-3173,0.77,22837
2026-01-3174,0.37,19459
2026-01-3175,-0.68,20955
2026-01-3176,0.05,20526
2026-01-3177,0.37,1366
2026-01-3178,0.14,23155
2026-01-3179,-0.1,6446
2026-01-3180,0.82,19635
2026-01-3181,-0.07,3936
2026-01-3182,-0.54,21238
2026-01-3183,-0.44,24403
2026-01-3184,0.14,25599
2026-01-3185,-0.59,6925
2026-01-3186,-0.26,12324
2026-01-3187,0.44,29863
2026-01-3188,0.49,29276
2026-01-3189,0.97,14334
2026-01-3190,-0.53,22426
2026-01-3191,-0.57,3244
2026-01-3192,0.92,28761
2026-01-3193,-0.31,5175
2026-01-3194,0.39,24696
2026-01-3195,-0.19,14471
2026-01-3196,-0.32,16713
2026-01-3197,-0.34,16030
2026-01-3198,-0.94,27109
2026-01-3199,-0.1,29059
2026-01-3200,-0.16,4546
2026-01-3201,0.59,31103
2026-01-3202,-0.94,391
2026-01-3203,-0.07,13196
2026-01-3204,0.83,17950
2026-01-3205,0.57,7435
2026-01-3206,-0.88,6667
2026-01-3207,-0.31,10165
2026-01-3208,0.03,30973
2026-01-3209,0.91,2516
2026-01-3210,0.49,4515
2026-01-3211,0.18,24243
2026-01-3212,0.88,2497
2026-01-3213,0.11,11091
2026-01-3214,-0.26,18563
2026-01-3215,0.25,7007
2026-01-3216,0.7,15121
2026-01-3217,0.27,2658
2026-01-3218,0.36,18275
2026-01-3219,-0.79,11576
2026-01-3220,0.99,24919
2026-01-3221,-0.59,28611
2026-01-3222,0.12,30209
2026-01-3223,-0.65,23263
2026-01-3224,-0.7,8514
2026-01-3225,0.36,5783
2026-01-3226,-0.68,24988
2026-01-3227,0.39,23705
2026-01-3228,-0.3,15940
2026-01-3229,-0.32,28391
2026-01-3230,0.28,4985
2026-01-3231,0.37,26320
2026-01-3232,0.24,30997
2026-01-3233,0.54,28703
2026-01-3234,-0.06,30562
2026-01-3235,-0.35,17554
2026-01-3236,0,32302
2026-01-3237,0.14,31629
2026-01-3238,0.94,21026
2026-01-3239,-0.37,528
2026-01-3240,0.48,25679
2026-01-3241,0.51,20199
2026-01-3242,-0.97,18442
2026-01-3243,-0.2,10016
2026-01-3244,-0.1,15098
2026-01-3245,-0.42,1730
2026-01-3246,0.53,29551
2026-01-3247,-0.38,444
2026-01-3248,-0.51,10485
2026-01-3249,-0.45,12572
2026-01-3250,-0.11,2858
2026-01-3251,0.52,129
2026-01-3252,-0.6,6860
2026-01-3253,-0.54,28627
2026-01-3254,-0.56,6422
2026-01-3255,0.36,7473
2026-01-3256,0.54,333
2026-01-3257,0.56,11051
2026-01-3258,0.91,16534
2026-01-3259,0.31,22322
2026-01-3260,-0.21,8202
2026-01-3261,0.76,21580
2026-01-3262,-0.31,5388
2026-01-3263,-0.71,15885
2026-01-3264,-0.98,27610
2026-01-3265,0.27,14274
2026-01-3266,0.6,99
2026-01-3267,-0.58,3055
2026-01-3268,0.93,31065
2026-01-3269,0.28,24572
2026-01-3270,-0.16,14726
2026-01-3271,0.98,20523
2026-01-3272,-0.99,31587
2026-01-3273,-0.12,1997
2026-01-3274,-0.48,19175
2026-01-3275,0.5,10678
2026-01-3276,-0.45,20893
2026-01-3277,-0.7,7406
2026-01-3278,0.31,10489
2026-01-3279,0.65,4521
2026-01-3280,0.27,9964
2026-01-3281,-0.6,21113
2026-01-3282,0.89,22710
2026-01-3283,-0.12,13763
2026-01-3284,0.2,8188
2026-01-3285,-0.79,17264
2026-01-3286,-0.97,9754
2026-01-3287,0.22,25316
2026-01-3288,-0.46,6586
2026-01-3289,-0.75,9524
2026-01-3290,-0.82,27302
2026-01-3291,0.2,32659
2026-01-3292,-0.12,30682
2026-01-3293,0.41,2574
2026-01-3294,0,25566
2026-01-3295,-0.78,5754
2026-01-3296,0.52,850
2026-01-3297,0.16,13226
2026-01-3298,-0.14,6602
2026-01-3299,0.37,28901
2026-01-3300,0.01,22749
2026-01-3301,0.67,30102
2026-01-3302,-0.35,21881
2026-01-3303,-0.57,16710
2026-01-3304,0.08,26489
2026-01-3305,-0.42,10184
2026-01-3306,0.21,10106
2026-01-3307,0.86,23987
2026-01-3308,0.71,32490
2026-01-3309,0.72,10518
2026-01-3310,-0.27,32353
2026-01-3311,-0.19,2662
2026-01-3312,0.96,28213
2026-01-3313,-0.49,29115
2026-01-3314,-0.96,19785
2026-01-3315,0.33,21564
2026-01-3316,0.04,12837
2026-01-3317,-0.47,13784
2026-01-3318,0.33,16972
2026-01-3319,0.21,31544
2026-01-3320,0.7,13257
2026-01-3321,-0.12,6129
2026-01-3322,-0.03,3340
2026-01-3323,0.23,27901
2026-01-3324,0.43,5876
2026-01-3325,0.31,27500
2026-01-3326,-0.52,13613
2026-01-3327,-0.47,20311
2026-01-3328,-0.07,6332
2026-01-3329,-0.49,1814
2026-01-3330,0.99,216
2026-01-3331,-0.88,6834
2026-01-3332,-0.51,32252
2026-01-3333,0.12,10141
2026-01-3334,-0.91,27450
2026-01-3335,0.8,17569
2026-01-3336,0.35,4562
2026-01-3337,0.65,25111
2026-01-3338,-0.83,11011
2026-01-3339,0.63,31321
2026-01-3340,-0.94,13345
2026-01-3341,-0.57,9850
2026-01-3342,0.93,18664
2026-01-3343,-0.58,27444
2026-01-3344,-0.67,30736
2026-01-3345,0.02,21025
2026-01-3346,0.59,17953
2026-01-3347,-0.93,9006
2026-01-3348,0.43,21129
2026-01-3349,0.51,21070
2026-01-3350,0.95,21228
2026-01-3351,0.41,30059
2026-01-3352,-0.8,22715
2026-01-3353,0.44,22178
2026-01-3354,-0.42,5384
2026-01-3355,0.38,30383
2026-01-3356,-0.62,3737
2026-01-3357,-0.65,5030
2026-01-3358,0.82,32315
2026-01-3359,-0.2,2021
2026-01-3360,-0.75,17752
2026-01-3361,-0.96,5446
2026-01-3362,-0.88,13004
2026-01-3363,-0.55,28825
2026-01-3364,-0.56,2549
2026-01-3365,0.94,8529
2026-01-3366,0.32,9
2026-01-3367,0.16,2429
2026-01-3368,0.61,9133
2026-01-3369,0.3,10746
2026-01-3370,0.32,25283
2026-01-3371,-0.27,30439
2026-01-3372,-0.2,8835
2026-01-3373,0.87,20570
2026-01-3374,0.89,7629
2026-01-3375,0.6,29521
2026-01-3376,0.97,32189
2026-01-3377,0.63,30444
2026-01-3378,-0.79,24705
2026-01-3379,-0.85,10713
2026-01-3380,0.34,16999
2026-01-3381,0.37,25615
2026-01-3382,0.64,32058
2026-01-3383,0.11,8383
2026-01-3384,-0.54,20943
2026-01-3385,0.37,29831
2026-01-3386,-0.45,12251
2026-01-3387,0.51,13290
2026-01-3388,-0.48,12295
2026-01-3389,-0.8,24061
2026-01-3390,0.6,29767
2026-01-3391,-0.27,8034
2026-01-3392,0.33,25191
2026-01-3393,0.01,378
2026-01-3394,0.87,27879
2026-01-3395,0,6615
2026-01-3396,0.09,24072
2026-01-3397,-0.39,19952
2026-01-3398,0.7,22823
2026-01-3399,-0.36,32537
2026-01-3400,-0.5,1610
2026-01-3401,0.91,12978
2026-01-3402,-0.57,7161
2026-01-3403,-0.79,2718
2026-01-3404,-0.02,15183
2026-01-3405,0.33,8695
2026-01-3406,0.09,21072
2026-01-3407,-0.32,8703
2026-01-3408,-0.36,30845
2026-01-3409,-0.51,9050
2026-01-3410,-0.54,31142
2026-01-3411,-0.56,12155
2026-01-3412,-0.41,768
2026-01-3413,-0.15,30301
2026-01-3414,0.68,9847
2026-01-3415,-0.94,3187
2026-01-3416,0.35,10309
2026-01-3417,0.64,17633
2026-01-3418,0.51,19140
2026-01-3419,-0.75,31724
2026-01-3420,0.46,3200
2026-01-3421,-0.62,26031
2026-01-3422,-0.79,3217
2026-01-3423,-0.76,13584
2026-01-3424,-0.85,2344
2026-01-3425,0.52,12019
2026-01-3426,-0.3,11367
2026-01-3427,0.19,32174
2026-01-3428,-0.13,7030
2026-01-3429,0.45,22716
2026-01-3430,-0.56,31699
2026-01-3431,0.62,21685
2026-01-3432,0.15,25321
2026-01-3433,0.02,28541
2026-01-3434,-0.96,25573
2026-01-3435,0.33,11452
2026-01-3436,-0.89,12229
2026-01-3437,-0.76,22159
2026-01-3438,0.83,31665
2026-01-3439,-0.55,13950
2026-01-3440,-0.74,8591
2026-01-3441,-0.03,23213
2026-01-3442,0.71,11986
2026-01-3443,-0.38,15190
2026-01-3444,0.84,21906
2026-01-3445,-0.82,21622
2026-01-3446,0.19,29666
2026-01-3447,-0.82,1991
2026-01-3448,0.59,9566
2026-01-3449,0.03,23279
2026-01-3450,-0.02,4867
2026-01-3451,0.45,26103
2026-01-3452,-0.7,30020
2026-01-3453,-0.75,1534
2026-01-3454,-0.79,31833
2026-01-3455,-0.65,10287
2026-01-3456,0.93,4827
2026-01-3457,0.48,16624
2026-01-3458,-0.08,11918
2026-01-3459,-1,17244
2026-01-3460,-0.69,9086
2026-01-3461,-0.05,11508
2026-01-3462,0.53,11597
2026-01-3463,0.92,31121
2026-01-3464,-0.81,8907
2026-01-3465,-0.29,5022
2026-01-3466,0.61,1991
2026-01-3467,-0.48,5251
2026-01-3468,0.23,28965
2026-01-3469,0.56,26980
2026-01-3470,-0.39,28465
2026-01-3471,0.23,12300
2026-01-3472,-0.72,29235
2026-01-3473,0.53,24612
2026-01-3474,-0.18,23876
2026-01-3475,0.57,5289
2026-01-3476,-0.08,15199
2026-01-3477,0.76,2461
2026-01-3478,-0.58,19131
2026-01-3479,-0.4,8700
2026-01-3480,-0.62,21080
2026-01-3481,-0.8,2545
2026-01-3482,0.29,30168
2026-01-3483,0.41,18762
2026-01-3484,-0.66,31633
2026-01-3485,-0.3,23082
2026-01-3486,-1,14560
2026-01-3487,0.64,6141
2026-01-3488,-0.01,6336
2026-01-3489,-0.35,6833
2026-01-3490,-0.71,28827
2026-01-3491,-0.46,21028
2026-01-3492,0.19,5984
2026-01-3493,0.1,30168
2026-01-3494,-0.83,29397
2026-01-3495,0.25,7406
2026-01-3496,-0.9,28463
2026-01-3497,-0.52,4690
2026-01-3498,0.69,5344
2026-01-3499,0.99,14643
2026-01-3500,0.55,12464
2026-01-3501,0.37,5558
2026-01-3502,-0.94,16911
2026-01-3503,-0.86,19947
2026-01-3504,-0.07,9129
2026-01-3505,0.87,14080
2026-01-3506,-0.15,8764
2026-01-3507,-0.66,17076
2026-01-3508,-0.85,30118
2026-01-3509,0.84,24847
2026-01-3510,-0.52,20547
2026-01-3511,0.55,10832
2026-01-3512,0.81,30837
2026-01-3513,-0.73,25896
2026-01-3514,-0.41,8324
2026-01-3515,0.99,15653
2026-01-3516,0.01,28841
2026-01-3517,-0.96,15729
2026-01-3518,-0.85,30565
2026-01-3519,-0.5,25532
2026-01-3520,-0.17,29719
2026-01-3521,-0.04,24439
2026-01-3522,0.78,12238
2026-01-3523,-0.59,20803
2026-01-3524,-0.94,22620
2026-01-3525,-0.3,7849
2026-01-3526,-0.95,4524
2026-01-3527,-0.22,11787
2026-01-3528,0.84,12629
2026-01-3529,0.39,7898
2026-01-3530,0.73,22638
2026-01-3531,-0.85,21002
2026-01-3532,-0.59,24485
2026-01-3533,-0.37,22211
2026-01-3534,-0.34,18827
2026-01-3535,0.83,3930
2026-01-3536,0.65,12082
2026-01-3537,0.82,8831
2026-01-3538,-0.65,23290
2026-01-3539,-0.88,3256
2026-01-3540,-0.98,1448
2026-01-3541,0.13,26126
2026-01-3542,-0.03,27064
2026-01-3543,-0.85,12293
2026-01-3544,0.07,8437
2026-01-3545,-0.82,16338
2026-01-3546,-0.76,70
2026-01-3547,0.83,6345
2026-01-3548,0.28,26059
2026-01-3549,-0.17,19221
2026-01-3550,0.37,11560
2026-01-3551,0.49,10923
2026-01-3552,-0.17,15905
2026-01-3553,-0.53,29313
2026-01-3554,0.86,26984
2026-01-3555,-0.91,10234
2026-01-3556,0,1970
2026-01-3557,-0.61,21157
2026-01-3558,-0.32,3856
2026-01-3559,-0.15,23592
2026-01-3560,-0.78,4733
2026-01-3561,0.35,11383
2026-01-3562,-0.73,24499
2026-01-3563,-0.39,22090
2026-01-3564,0.35,12100
2026-01-3565,-0.21,26573
2026-01-3566,0.06,6885
2026-01-3567,-0.55,13209
2026-01-3568,-0.64,19981
2026-01-3569,0.39,9699
2026-01-3570,0.01,9407
2026-01-3571,0.95,31219
2026-01-3572,-0.16,11427
2026-01-3573,0.55,25560
2026-01-3574,0.33,15452
2026-01-3575,-1,603
2026-01-3576,-0.12,5398
2026-01-3577,-0.25,11569
2026-01-3578,0.04,16990
2026-01-3579,-0.57,29557
2026-01-3580,-0.43,11319
2026-01-3581,-0.25,24149
2026-01-3582,0.9,3946
2026-01-3583,0.98,19467
2026-01-3584,0.46,20509
2026-01-3585,-0.2,30479
2026-01-3586,0.81,23207
2026-01-3587,0.19,32138
2026-01-3588,-0.75,1699
2026-01-3589,0.7,32014
2026-01-3590,0.1,12355
2026-01-3591,-0.68,5765
2026-01-3592,-0.82,31720
2026-01-3593,-0.63,28264
2026-01-3594,0.09,30703
2026-01-3595,0.44,32050
2026-01-3596,0.41,4301
2026-01-3597,0.44,17427
2026-01-3598,0.41,2910
2026-01-3599,-0.04,14824
2026-01-3600,-0.17,31098
2026-01-3601,-0.6,1131
2026-01-3602,0.7,23754
2026-01-3603,0.35,20903
2026-01-3604,-0.55,27609
2026-01-3605,-0.86,26032
2026-01-3606,0.17,11630
2026-01-3607,0.18,12432
2026-01-3608,-0.87,24090
2026-01-3609,-0.39,132
2026-01-3610,-0.65,21517
2026-01-3611,-0.55,9321
2026-01-3612,-0.82,21805
2026-01-3613,0.33,4721
2026-01-3614,-0.54,4970
2026-01-3615,0.88,26394
2026-01-3616,-0.92,17227
2026-01-3617,-0.65,20577
2026-01-3618,-0.25,205
2026-01-3619,-0.5,14642
2026-01-3620,-0.46,30318
2026-01-3621,0.9,18724
2026-01-3622,0.79,31365
2026-01-3623,0.54,3171
2026-01-3624,-0.78,5844
2026-01-3625,-0.33,22509
2026-01-3626,-0.9,11872
2026-01-3627,0.52,15874
2026-01-3628,0.77,13697
2026-01-3629,0.7,9941
2026-01-3630,-0.33,12341
2026-01-3631,-0.83,24968
2026-01-3632,-0.35,27321
2026-01-3633,-0.45,16727
2026-01-3634,0.14,8283
2026-01-3635,0.37,6932
2026-01-3636,0.49,1162
2026-01-3637,-0.18,14035
2026-01-3638,0.92,25135
2026-01-3639,0.3,2534
2026-01-3640,0.2,17728
2026-01-3641,-0.12,19724
2026-01-3642,-0.66,25233
2026-01-3643,-0.97,17125
2026-01-3644,0.22,12782
2026-01-3645,0.6,17065
2026-01-3646,0.3,28264
2026-01-3647,-0.77,23322
2026-01-3648,-0.14,28908
2026-01-3649,-0.62,8631
2026-01-3650,0.65,6426
2026-01-3651,0.62,563
2026-01-3652,0.78,14419
2026-01-3653,-0.49,8741
2026-01-3654,0.15,13076
2026-01-3655,0.68,11521
2026-01-3656,-0.02,19587
2026-01-3657,0.31,7239
2026-01-3658,0.39,20552
2026-01-3659,-0.7,20474
2026-01-3660,0.81,3742
2026-01-3661,0.18,2900
2026-01-3662,0,24234
2026-01-3663,-0.94,10680
2026-01-3664,0.9,6923
2026-01-3665,0.99,8168
2026-01-3666,-0.15,19634
2026-01-3667,-0.45,7544
2026-01-3668,-0.56,30708
2026-01-3669,-1,25219
2026-01-3670,0.18,16349
2026-01-3671,0.47,7580
2026-01-3672,-0.01,21448
2026-01-3673,-0.16,26119
2026-01-3674,0.32,23340
2026-01-3675,-0.12,9770
2026-01-3676,-0.03,21433
2026-01-3677,0.4,2622
2026-01-3678,0.45,5540
2026-01-3679,0.27,18250
2026-01-3680,-0.18,29247
2026-01-3681,-0.01,20050
2026-01-3682,0.3,8396
2026-01-3683,0.04,16331
2026-01-3684,-0.95,28051
2026-01-3685,-0.18,13139
2026-01-3686,0.67,24370
2026-01-3687,-0.24,10143
2026-01-3688,0.56,17973
2026-01-3689,0.16,11957
2026-01-3690,-0.14,27366
2026-01-3691,-0.67,10843
2026-01-3692,-0.28,19814
2026-01-3693,-0.02,11471
2026-01-3694,0.37,11261
2026-01-3695,-0.91,20920
2026-01-3696,0.86,17327
2026-01-3697,-0.59,9053
2026-01-3698,0.23,32528
2026-01-3699,-0.09,24597
2026-01-3700,-0.01,1881
2026-01-3701,-0.77,13310
2026-01-3702,-0.29,27578
2026-01-3703,0.93,15090
2026-01-3704,-0.47,21234
2026-01-3705,-0.34,24247
2026-01-3706,0.13,27422
2026-01-3707,0.45,25974
2026-01-3708,-0.12,3022
2026-01-3709,0.77,17519
2026-01-3710,-0.17,15966
2026-01-3711,-0.95,2794
2026-01-3712,-0.54,8324
2026-01-3713,-0.59,31089
2026-01-3714,-0.02,21797
2026-01-3715,-0.34,6460
2026-01-3716,0.91,30573
2026-01-3717,-0.35,26605
2026-01-3718,-0.94,17438
2026-01-3719,0.96,27518
2026-01-3720,-0.38,27944
2026-01-3721,0.26,17015
2026-01-3722,-0.07,19323
2026-01-3723,0.69,1124
2026-01-3724,-0.82,25369
2026-01-3725,-0.28,1670
2026-01-3726,0.61,28015
2026-01-3727,-0.75,22729
2026-01-3728,-0.06,24037
2026-01-3729,0.95,3830
2026-01-3730,0.49,5300
2026-01-3731,0.01,10794
2026-01-3732,0.61,13303
2026-01-3733,0.92,13959
2026-01-3734,0.48,19206
2026-01-3735,-0.87,28969
2026-01-3736,-0.61,19455
2026-01-3737,0.61,2651
2026-01-3738,-0.9,32677
2026-01-3739,0.76,22539
2026-01-3740,-0.78,27502
2026-01-3741,-0.76,3196
2026-01-3742,-0.51,24023
2026-01-3743,0.12,17723
2026-01-3744,0.14,5371
2026-01-3745,-0.92,1620
2026-01-3746,0.81,13156
2026-01-3747,-0.02,30149
2026-01-3748,0.45,30497
2026-01-3749,-0.34,27443
2026-01-3750,-0.52,26392
2026-01-3751,0.31,10204
2026-01-3752,-0.05,27294
2026-01-3753,-0.5,19149
2026-01-3754,0.51,32581
2026-01-3755,0.98,21845
2026-01-3756,-0.25,245
2026-01-3757,0.84,21433
2026-01-3758,0,14399
2026-01-3759,0.67,32297
2026-01-3760,-0.91,8941
2026-01-3761,-0.69,26099
2026-01-3762,-0.02,10974
2026-01-3763,0.87,759
2026-01-3764,-0.38,16145
2026-01-3765,0.29,13659
2026-01-3766,0.24,767
2026-01-3767,0.66,3968
2026-01-3768,0.27,2094
2026-01-3769,-0.51,31796
2026-01-3770,0.42,17923
2026-01-3771,0.96,5417
2026-01-3772,-0.89,17368
2026-01-3773,-0.52,15781
2026-01-3774,-0.67,10574
2026-01-3775,-0.12,21884
2026-01-3776,-0.32,10468
2026-01-3777,-0.75,6204
2026-01-3778,-0.56,30921
2026-01-3779,0.6,31911
2026-01-3780,0.22,19951
2026-01-3781,0,10342
2026-01-3782,-0.7,3425
2026-01-3783,-0.7,19451
2026-01-3784,0.2,10198
2026-01-3785,0.27,31480
2026-01-3786,-0.95,21382
2026-01-3787,-0.75,21614
2026-01-3788,-0.88,6204
2026-01-3789,0.92,4009
2026-01-3790,0.38,25005
2026-01-3791,-0.34,16666
2026-01-3792,0.71,3080
2026-01-3793,0.64,27541
2026-01-3794,-0.74,7886
2026-01-3795,0.35,12733
2026-01-3796,-0.49,10724
2026-01-3797,-0.24,15292
2026-01-3798,0.59,30951
2026-01-3799,0.96,9527
2026-01-3800,-0.93,4287
2026-01-3801,-0.73,1920
2026-01-3802,-0.95,11127
2026-01-3803,-0.63,29710
2026-01-3804,0.83,9803
2026-01-3805,0.37,29483
2026-01-3806,0.41,5635
2026-01-3807,-0.79,23277
2026-01-3808,-0.22,30080
2026-01-3809,-0.66,4711
2026-01-3810,-0.71,8853
2026-01-3811,0.3,5408
2026-01-3812,0.3,7448
2026-01-3813,-0.68,19141
2026-01-3814,-0.3,15416
2026-01-3815,-0.37,1818
2026-01-3816,-0.85,19984
2026-01-3817,0.09,17974
2026-01-3818,0.41,21885
2026-01-3819,-0.92,30960
2026-01-3820,0.48,23085
2026-01-3821,0.78,30101
2026-01-3822,0.71,32505
2026-01-3823,-0.99,24796
2026-01-3824,0.72,21109
2026-01-3825,0.31,8987
2026-01-3826,-0.3,3525
2026-01-3827,0.84,15802
2026-01-3828,0.27,13746
2026-01-3829,-0.12,5352
2026-01-3830,0.97,20989
2026-01-3831,-0.05,398
2026-01-3832,0.51,12018
2026-01-3833,0.73,16257
2026-01-3834,0.19,23873
2026-01-3835,0.15,3068
2026-01-3836,-0.17,25610
2026-01-3837,-0.41,2125
2026-01-3838,0.96,22839
2026-01-3839,0.83,13518
2026-01-3840,0.59,21518
2026-01-3841,-0.39,6167
2026-01-3842,-0.97,28166
2026-01-3843,0.38,26226
2026-01-3844,0.93,17882
2026-01-3845,-0.24,15760
2026-01-3846,0.38,14557
2026-01-3847,0.8,18554
2026-01-3848,-0.22,18061
2026-01-3849,-0.32,24521
2026-01-3850,-0.27,21098
2026-01-3851,0.57,31258
2026-01-3852,-0.81,14345
2026-01-3853,0.01,189
2026-01-3854,-0.84,25956
2026-01-3855,-0.61,23725
2026-01-3856,0.25,28532
2026-01-3857,0.78,20421
2026-01-3858,0.16,21762
2026-01-3859,-0.13,28208
2026-01-3860,0.38,25530
2026-01-3861,-0.95,19490
2026-01-3862,0.99,29569
2026-01-3863,-0.93,13253
2026-01-3864,-0.87,27656
2026-01-3865,0.85,30583
2026-01-3866,0.48,18593
2026-01-3867,0.99,13362
2026-01-3868,-0.94,3666
2026-01-3869,0.35,6219
2026-01-3870,-0.29,26664
2026-01-3871,0.99,608
2026-01-3872,-0.53,24014
2026-01-3873,0.14,3212
2026-01-3874,0.07,22622
2026-01-3875,0.27,22492
2026-01-3876,0.2,26999
2026-01-3877,-0.02,11271
2026-01-3878,0.86,2192
2026-01-3879,0.52,16217
2026-01-3880,0.24,14988
2026-01-3881,-0.07,15089
2026-01-3882,-0.12,22414
2026-01-3883,-0.04,20268
2026-01-3884,0.46,25358
2026-01-3885,0.37,27745
2026-01-3886,0.68,10797
2026-01-3887,-0.75,29647
2026-01-3888,-0.79,7237
2026-01-3889,-0.57,29907
2026-01-3890,-0.3,4549
2026-01-3891,0.46,19039
2026-01-3892,-0.48,30012
2026-01-3893,-0.8,11431
2026-01-3894,-0.24,691
2026-01-3895,0.25,2845
2026-01-3896,-0.01,4416
2026-01-3897,0.74,17056
2026-01-3898,-0.23,6872
2026-01-3899,0.36,1008
2026-01-3900,-0.04,30309
2026-01-3901,0.32,32358
2026-01-3902,0.88,30744
2026-01-3903,-0.96,8930
2026-01-3904,0.27,27649
2026-01-3905,0.19,4868
2026-01-3906,0.74,7901
2026-01-3907,0.61,4255
2026-01-3908,0.66,26927
2026-01-3909,0.13,362
2026-01-3910,0.8,28818
2026-01-3911,0.28,23289
2026-01-3912,0.13,4941
2026-01-3913,-0.77,2796
2026-01-3914,0.31,12840
2026-01-3915,-0.69,12135
2026-01-3916,-0.68,19582
2026-01-3917,0.82,13250
2026-01-3918,-0.56,8852
2026-01-3919,-0.43,9601
2026-01-3920,-0.32,21033
2026-01-3921,0.73,21894
2026-01-3922,-0.81,8526
2026-01-3923,-0.17,6533
2026-01-3924,0.82,27512
2026-01-3925,-0.64,16825
2026-01-3926,-0.48,25812
2026-01-3927,-0.76,5845
2026-01-3928,-0.04,10202
2026-01-3929,0.73,29758
2026-01-3930,0.05,16677
2026-01-3931,0.58,21111
2026-01-3932,-0.19,11650
2026-01-3933,0.7,21980
2026-01-3934,-0.47,32327
2026-01-3935,0.59,13716
2026-01-3936,0.97,6118
2026-01-3937,0.18,3777
2026-01-3938,0.81,16065
2026-01-3939,0.52,30713
2026-01-3940,0.71,26176
2026-01-3941,0.86,26874
2026-01-3942,-0.58,30241
2026-01-3943,0.09,19097
2026-01-3944,-0.38,31248
2026-01-3945,-0.58,17148
2026-01-3946,0.92,28536
2026-01-3947,-0.8,4617
2026-01-3948,-0.71,9624
2026-01-3949,0.81,4638
2026-01-3950,0.06,25561
2026-01-3951,0.5,12547
2026-01-3952,-0.42,19039
2026-01-3953,0.05,29981
2026-01-3954,-0.32,8414
2026-01-3955,-0.99,25316
2026-01-3956,-0.06,1967
2026-01-3957,-0.55,22167
2026-01-3958,-0.61,16163
2026-01-3959,-1,9774
2026-01-3960,-0.56,30999
2026-01-3961,0.25,8080
2026-01-3962,-0.83,26824
2026-01-3963,-0.51,14086
2026-01-3964,-0.26,1257
2026-01-3965,0.85,31215
2026-01-3966,-0.42,12275
2026-01-3967,-0.7,6582
2026-01-3968,-0.89,15037
2026-01-3969,-0.3,8962
2026-01-3970,0.91,30028
2026-01-3971,-0.39,13612
2026-01-3972,-0.04,16876
2026-01-3973,0,19958
2026-01-3974,0.71,24191
2026-01-3975,-0.52,32122
2026-01-3976,-0.02,22550
2026-01-3977,0.58,5728
2026-01-3978,0.45,23742
2026-01-3979,-0.62,11860
2026-01-3980,-0.27,24477
2026-01-3981,-0.07,695
2026-01-3982,-0.96,17213
2026-01-3983,-0.68,5525
2026-01-3984,0.04,32295
2026-01-3985,-0.79,5848
2026-01-3986,0.68,28084
2026-01-3987,-0.8,28091
2026-01-3988,-0.62,19232
2026-01-3989,0.19,30337
2026-01-3990,0.66,30432
2026-01-3991,-0.38,18534
2026-01-3992,-0.69,3637
2026-01-3993,-0.06,6102
2026-01-3994,-0.89,32514
2026-01-3995,-0.58,2269
2026-01-3996,-0.66,3547
2026-01-3997,0.3,1503
2026-01-3998,-0.59,606
2026-01-3999,-0.89,28297
2026-01-4000,0.37,28102
2026-01-4001,-0.85,13063
2026-01-4002,0.17,16317
2026-01-4003,0.99,12151
2026-01-4004,-0.57,7538
2026-01-4005,0.82,23454
2026-01-4006,-0.13,12012
2026-01-4007,0.12,8922
2026-01-4008,-0.63,22174
2026-01-4009,-0.09,30808
2026-01-4010,0.18,1851
2026-01-4011,-0.23,31623
2026-01-4012,-0.48,11211
2026-01-4013,-0.7,16589
2026-01-4014,-0.99,22015
2026-01-4015,-0.13,4728
2026-01-4016,-0.71,9921
2026-01-4017,0.87,15863
2026-01-4018,0.27,9488
2026-01-4019,-0.23,16714
2026-01-4020,-0.54,30475
2026-01-4021,-0.18,27831
2026-01-4022,-0.61,12619
2026-01-4023,0.69,19647
2026-01-4024,0.62,12406
2026-01-4025,0.6,28752
2026-01-4026,0.05,12561
2026-01-4027,0.2,24380
2026-01-4028,-0.59,6550
2026-01-4029,0.39,21738
2026-01-4030,0.24,10951
2026-01-4031,-0.95,4940
2026-01-4032,0.89,2625
2026-01-4033,-0.18,25104
2026-01-4034,-0.47,23380
2026-01-4035,-0.7,3611
2026-01-4036,-0.94,23058
2026-01-4037,0.87,32051
2026-01-4038,0.27,11430
2026-01-4039,-0.78,10747
2026-01-4040,-0.93,24296
2026-01-4041,0.14,7205
2026-01-4042,0.49,15406
2026-01-4043,-0.9,12515
2026-01-4044,0.35,31588
2026-01-4045,0.85,18334
2026-01-4046,0.13,29023
2026-01-4047,-0.24,9963
2026-01-4048,0.77,15726
2026-01-4049,0.22,11707
2026-01-4050,0.29,9266
2026-01-4051,-0.73,9425
2026-01-4052,0,3248
2026-01-4053,0.75,17530
2026-01-4054,0.57,21413
2026-01-4055,-0.04,17016
2026-01-4056,-0.08,26905
2026-01-4057,-0.49,31807
2026-01-4058,0.3,27703
2026-01-4059,0.47,4452
2026-01-4060,-0.45,14684
2026-01-4061,0.35,594
2026-01-4062,0.46,7790
2026-01-4063,-0.64,10047
2026-01-4064,0.05,10607
2026-01-4065,-0.22,4958
2026-01-4066,-0.19,17746
2026-01-4067,-0.01,14422
2026-01-4068,0.92,6413
2026-01-4069,-0.92,24052
2026-01-4070,-0.59,23791
2026-01-4071,0.76,16924
2026-01-4072,-0.43,6708
2026-01-4073,0.46,29958
2026-01-4074,-0.68,2263
2026-01-4075,-0.73,17831
2026-01-4076,-0.59,32679
2026-01-4077,-0.63,21100
2026-01-4078,-0.63,10909
2026-01-4079,0.5,4654
2026-01-4080,0.4,31597
2026-01-4081,-0.73,26979
2026-01-4082,-0.54,2139
2026-01-4083,-0.62,8081
2026-01-4084,-0.02,19792
2026-01-4085,-0.79,18697
2026-01-4086,-0.07,813
2026-01-4087,-0.94,30929
2026-01-4088,-0.07,351
2026-01-4089,-0.84,20194
2026-01-4090,-0.62,23988
2026-01-4091,-0.25,13971
2026-01-4092,-0.79,15980
2026-01-4093,-0.17,26966
2026-01-4094,-0.01,4756
2026-01-4095,-0.91,2466
2026-01-4096,-0.32,9359
2026-01-4097,0.95,27184
2026-01-4098,0.28,15094
2026-01-4099,0.32,21866
2026-01-4100,-0.42,15266
2026-01-4101,-0.37,26913
2026-01-4102,-0.69,1286
2026-01-4103,0.6,23166
2026-01-4104,-0.51,29122
2026-01-4105,-0.4,13883
2026-01-4106,0.73,14966
2026-01-4107,0.06,28946
2026-01-4108,-0.26,10708
2026-01-4109,0.46,23670
2026-01-4110,-0.8,22266
2026-01-4111,-0.31,21378
2026-01-4112,0.27,23038
2026-01-4113,-0.16,13359
2026-01-4114,0.67,11978
2026-01-4115,-0.7,30921
2026-01-4116,0.91,14890
2026-01-4117,-0.07,1444
2026-01-4118,-0.91,9507
2026-01-4119,-0.6,32523
2026-01-4120,-0.78,647
2026-01-4121,0.5,15225
2026-01-4122,-0.38,29382
2026-01-4123,0.69,9740
2026-01-4124,-0.99,14855
2026-01-4125,0.05,9526
2026-01-4126,-0.13,31863
2026-01-4127,0.79,22966
2026-01-4128,-0.22,5345
2026-01-4129,-0.91,18886
2026-01-4130,0.06,14720
2026-01-4131,-0.57,19606
2026-01-4132,-0.58,25361
2026-01-4133,0.83,18938
2026-01-4134,-0.83,10795
2026-01-4135,0.09,8799
2026-01-4136,-0.03,3795
2026-01-4137,0.42,21252
2026-01-4138,0.67,24140
2026-01-4139,0.03,10855
2026-01-4140,0.55,11052
2026-01-4141,-0.44,8445
2026-01-4142,-0.38,2997
2026-01-4143,-0.5,10789
2026-01-4144,-0.35,4705
2026-01-4145,0.27,4447
2026-01-4146,-0.73,13503
2026-01-4147,-0.24,14265
2026-01-4148,-0.25,5246
2026-01-4149,0.81,17803
2026-01-4150,-0.85,24263
2026-01-4151,0.6,9316
2026-01-4152,0.81,13777
2026-01-4153,0.33,21828
2026-01-4154,0.84,22703
2026-01-4155,-0.56,30476
2026-01-4156,0.74,32108
2026-01-4157,0.35,4402
2026-01-4158,0.35,4441
2026-01-4159,0.86,30393
2026-01-4160,0.2,21414
2026-01-4161,0.44,21857
2026-01-4162,0.12,32304
2026-01-4163,-0.04,17691
2026-01-4164,0.06,28826
2026-01-4165,-0.84,27583
2026-01-4166,0.33,4511
2026-01-4167,0.76,2305
2026-01-4168,-0.35,23206
2026-01-4169,-0.02,32418
2026-01-4170,-0.81,16791
2026-01-4171,-0.76,10467
2026-01-4172,-0.5,29934
2026-01-4173,-0.05,6975
2026-01-4174,-0.25,7694
2026-01-4175,0.87,5465
2026-01-4176,0.62,7639
2026-01-4177,0.08,17460
2026-01-4178,-0.18,30586
2026-01-4179,-0.05,9122
2026-01-4180,0.35,23948
2026-01-4181,0.59,5119
2026-01-4182,0.38,5466
2026-01-4183,0.73,30750
2026-01-4184,-0.4,9341
2026-01-4185,-0.07,28548
2026-01-4186,-0.94,31918
2026-01-4187,-0.32,212
2026-01-4188,-0.35,6619
2026-01-4189,0.27,18571
2026-01-4190,0.14,18042
2026-01-4191,0.5,32749
2026-01-4192,0.28,31261
2026-01-4193,0.77,28736
2026-01-4194,-0.75,1606
2026-01-4195,-0.35,9783
2026-01-4196,0.53,1405
2026-01-4197,-0.74,31153
2026-01-4198,0.65,16545
2026-01-4199,0.27,15780
2026-01-4200,-0.69,32380
2026-01-4201,0.83,11347
2026-01-4202,0.23,29081
2026-01-4203,-0.37,25544
2026-01-4204,-0.51,14426
2026-01-4205,-0.6,1662
2026-01-4206,-0.09,9029
2026-01-4207,-0.02,21598
2026-01-4208,0.78,13727
2026-01-4209,-0.75,20460
2026-01-4210,-0.31,5180
2026-01-4211,-0.77,17347
2026-01-4212,-0.98,22165
2026-01-4213,-0.18,15423
2026-01-4214,-0.45,28187
2026-01-4215,-0.93,18809
2026-01-4216,0.3,6091
2026-01-4217,0.11,7544
2026-01-4218,0.44,3075
2026-01-4219,-0.11,23205
2026-01-4220,0.56,24724
2026-01-4221,-0.83,9856
2026-01-4222,-0.52,20760
2026-01-4223,-0.2,21650
2026-01-4224,-0.12,24966
2026-01-4225,-0.33,15778
2026-01-4226,0.73,3843
2026-01-4227,-0.52,5932
2026-01-4228,0.76,763
2026-01-4229,0.98,24335
2026-01-4230,-0.84,31857
2026-01-4231,0.8,12166
2026-01-4232,-0.39,25491
2026-01-4233,0.33,3929
2026-01-4234,-0.15,15250
2026-01-4235,-0.09,4693
2026-01-4236,-0.12,26288
2026-01-4237,0.86,24057
2026-01-4238,0.59,28827
2026-01-4239,0.1,26226
2026-01-4240,-0.1,21241
2026-01-4241,-0.36,30666
2026-01-4242,-0.26,26692
2026-01-4243,0.48,24412
2026-01-4244,-0.08,216
2026-01-4245,0.58,18827
2026-01-4246,0.59,20042
2026-01-4247,-0.61,10163
2026-01-4248,-0.52,6396
2026-01-4249,-0.5,12896
2026-01-4250,0.96,29678
2026-01-4251,0.08,23486
2026-01-4252,-0.63,25303
2026-01-4253,0.23,18001
2026-01-4254,-0.59,9845
2026-01-4255,-0.7,5094
2026-01-4256,-1,8993
2026-01-4257,-0.46,8394
2026-01-4258,-0.96,5542
2026-01-4259,0.24,32569
2026-01-4260,0.81,2643
2026-01-4261,-0.73,18201
2026-01-4262,0.02,19023
2026-01-4263,-0.62,3561
2026-01-4264,-0.66,13101
2026-01-4265,-0.95,6900
2026-01-4266,0.32,11456
2026-01-4267,-0.64,11210
2026-01-4268,0.17,12593
2026-01-4269,-0.23,23792
2026-01-4270,0.1,6990
2026-01-4271,-0.92,2775
2026-01-4272,-0.11,12069
2026-01-4273,0.91,16139
2026-01-4274,-0.65,4306
2026-01-4275,-0.61,32173
2026-01-4276,-0.31,7573
2026-01-4277,-0.56,1827
2026-01-4278,0.95,23336
2026-01-4279,0.95,25102
2026-01-4280,0.16,29007
2026-01-4281,-0.78,16764
2026-01-4282,0.48,25008
2026-01-4283,0.72,7008
2026-01-4284,0.9,29157
2026-01-4285,-0.53,831
2026-01-4286,-0.14,31696
2026-01-4287,0.06,7467
2026-01-4288,-0.86,6190
2026-01-4289,-0.33,15605
2026-01-4290,0.11,22383
2026-01-4291,-0.47,1439
2026-01-4292,-0.74,31942
2026-01-4293,0.29,7440
2026-01-4294,0.27,28540
2026-01-4295,-0.14,18443
2026-01-4296,-0.53,22153
2026-01-4297,-0.3,610
2026-01-4298,-0.95,4709
2026-01-4299,0.71,26471
2026-01-4300,-0.58,2332
2026-01-4301,-0.58,32420
2026-01-4302,-0.75,30881
2026-01-4303,0.18,16588
2026-01-4304,0.51,17252
2026-01-4305,-0.43,26865
2026-01-4306,0.75,27430
2026-01-4307,0.51,26102
2026-01-4308,0.5,11788
2026-01-4309,0.47,72
2026-01-4310,-0.1,31219
2026-01-4311,0.17,1993
2026-01-4312,0.6,10756
2026-01-4313,-0.08,7693
2026-01-4314,0.99,17032
2026-01-4315,-0.51,28873
2026-01-4316,0.43,7933
2026-01-4317,-0.56,30856
2026-01-4318,-0.14,18025
2026-01-4319,0.64,4000
2026-01-4320,0.32,23022
2026-01-4321,0.45,30053
2026-01-4322,0.09,20895
2026-01-4323,0.47,4508
2026-01-4324,0.19,31634
2026-01-4325,0.36,3123
2026-01-4326,-0.56,28982
2026-01-4327,-0.1,3375
2026-01-4328,0.46,30439
2026-01-4329,-0.52,14565
2026-01-4330,0.62,31168
2026-01-4331,0.19,15469
2026-01-4332,0.82,8113
2026-01-4333,-0.13,32340
2026-01-4334,0.66,7633
2026-01-4335,-0.1,18321
2026-01-4336,-0.64,18677
2026-01-4337,0.95,30906
2026-01-4338,-0.37,5249
2026-01-4339,-0.8,8056
2026-01-4340,0.33,29566
2026-01-4341,0.55,57
2026-01-4342,-0.79,20461
2026-01-4343,0.01,26660
2026-01-4344,0.16,3163
2026-01-4345,0.38,23378
2026-01-4346,0.97,17334
2026-01-4347,0.88,29499
2026-01-4348,-0.3,15199
2026-01-4349,0.15,366
2026-01-4350,-0.35,15232
2026-01-4351,-0.26,19078
2026-01-4352,0.37,16800
2026-01-4353,-0.52,27993
2026-01-4354,0.58,16757
2026-01-4355,-0.29,19058
2026-01-4356,-0.18,26617
2026-01-4357,-0.35,32706
2026-01-4358,-0.8,5312
2026-01-4359,-0.96,19602
2026-01-4360,0.97,32136
2026-01-4361,-0.57,29116
2026-01-4362,0.78,12306
2026-01-4363,-0.76,25115
2026-01-4364,-0.27,26160
2026-01-4365,-0.22,22336
2026-01-4366,0.19,24608
2026-01-4367,0.88,7782
2026-01-4368,0.21,14616
2026-01-4369,-0.77,12712
2026-01-4370,0.86,27170
2026-01-4371,0.66,29042
2026-01-4372,-0.32,28458
2026-01-4373,-0.24,4662
2026-01-4374,0.46,16981
2026-01-4375,0.53,4704
2026-01-4376,-0.62,8597
2026-01-4377,0.22,19595
2026-01-4378,0.11,21115
2026-01-4379,0.87,31221
2026-01-4380,-0.63,22604
2026-01-4381,0.78,14640
2026-01-4382,-0.36,20566
2026-01-4383,-0.06,27931
2026-01-4384,0.65,26756
2026-01-4385,0.84,2065
2026-01-4386,0.06,9265
2026-01-4387,-1,5984
2026-01-4388,0.89,25402
2026-01-4389,-0.89,8957
2026-01-4390,-0.93,24407
2026-01-4391,-0.73,13686
2026-01-4392,0.43,5035
2026-01-4393,0.12,8231
2026-01-4394,-0.23,17049
2026-01-4395,-0.94,20401
2026-01-4396,-0.65,3546
2026-01-4397,0.59,17576
2026-01-4398,-0.89,21708
2026-01-4399,-0.1,1164
2026-01-4400,0.97,19725
2026-01-4401,0.07,5883
2026-01-4402,-0.85,2377
2026-01-4403,-0.06,25380
2026-01-4404,0.55,25168
2026-01-4405,0.34,383
2026-01-4406,-0.89,30316
2026-01-4407,-0.97,21948
2026-01-4408,-1,13041
2026-01-4409,-0.4,1273
2026-01-4410,0.23,7189
2026-01-4411,-0.68,7223
2026-01-4412,0.87,18178
2026-01-4413,0.39,31503
2026-01-4414,0.37,14890
2026-01-4415,-0.37,22177
2026-01-4416,-0.99,10203
2026-01-4417,0.13,26830
2026-01-4418,0.14,14099
2026-01-4419,0.98,8103
2026-01-4420,0.98,20117
2026-01-4421,0.9,24868
2026-01-4422,0.74,5692
2026-01-4423,-0.52,14106
2026-01-4424,0.84,8848
2026-01-4425,0.26,30567
2026-01-4426,-0.65,32407
2026-01-4427,0.77,15471
2026-01-4428,-0.95,2030
2026-01-4429,0.2,16845
2026-01-4430,-0.42,20759
2026-01-4431,0.98,31042
2026-01-4432,-0.92,32277
2026-01-4433,-0.34,27633
2026-01-4434,0.05,20278
2026-01-4435,-0.1,15311
2026-01-4436,-0.6,20017
2026-01-4437,-0.98,22869
2026-01-4438,0.43,20848
2026-01-4439,-0.74,16760
2026-01-4440,-0.43,18863
2026-01-4441,-0.54,22490
2026-01-4442,-0.32,3526
2026-01-4443,0.86,12610
2026-01-4444,-0.51,6339
2026-01-4445,-0.87,25162
2026-01-4446,0.58,28220
2026-01-4447,-0.63,9815
2026-01-4448,-0.25,6372
2026-01-4449,-0.24,29390
2026-01-4450,-0.71,30555
2026-01-4451,-0.9,19077
2026-01-4452,0.84,19275
2026-01-4453,-0.65,25976
2026-01-4454,-0.6,16048
2026-01-4455,0.29,190
2026-01-4456,-0.67,21367
2026-01-4457,-0.63,27323
2026-01-4458,-0.55,29003
2026-01-4459,0.94,8086
2026-01-4460,0.34,1452
2026-01-4461,-0.25,2541
2026-01-4462,0.25,27201
2026-01-4463,-0.45,15304
2026-01-4464,0.78,1391
2026-01-4465,-0.67,13260
2026-01-4466,0.25,22826
2026-01-4467,0.25,690
2026-01-4468,0.89,29707
2026-01-4469,0.35,25847
2026-01-4470,0.19,30883
2026-01-4471,-0.86,9428
2026-01-4472,0.13,12048
2026-01-4473,-0.74,22640
2026-01-4474,0.27,21709
2026-01-4475,-0.34,20565
2026-01-4476,0.65,7887
2026-01-4477,-0.27,18976
2026-01-4478,0.5,8653
2026-01-4479,0.53,15229
2026-01-4480,0.09,5343
2026-01-4481,-1,18771
2026-01-4482,-0.89,8778
2026-01-4483,0.63,16188
2026-01-4484,0.68,15002
2026-01-4485,0.6,6968
2026-01-4486,0.73,7666
2026-01-4487,0.6,418
2026-01-4488,0.85,4001
2026-01-4489,-0.15,11619
2026-01-4490,0.46,26613
2026-01-4491,-0.04,12389
2026-01-4492,-0.06,30804
2026-01-4493,0.19,6219
2026-01-4494,-0.73,30088
2026-01-4495,-0.39,19295
2026-01-4496,-0.48,23643
2026-01-4497,-0.1,12747
2026-01-4498,0.65,1124
2026-01-4499,-0.16,32525
2026-01-4500,0.53,21792
2026-01-4501,0.1,12197
2026-01-4502,-0.03,20805
2026-01-4503,0.12,3856
2026-01-4504,-0.44,27730
2026-01-4505,-0.69,23034
2026-01-4506,0.01,24171
2026-01-4507,-0.62,20656
2026-01-4508,-0.35,27236
2026-01-4509,-0.31,19924
2026-01-4510,0.86,18972
2026-01-4511,-0.98,13652
2026-01-4512,-0.29,13580
2026-01-4513,0.25,20380
2026-01-4514,0.08,13599
2026-01-4515,0.37,25867
2026-01-4516,0.28,15812
2026-01-4517,-0.69,11684
2026-01-4518,-0.07,14658
2026-01-4519,0.4,26887
2026-01-4520,-0.12,77
2026-01-4521,0.59,12959
2026-01-4522,0.3,28630
2026-01-4523,-0.24,26140
2026-01-4524,-0.62,4391
2026-01-4525,-0.4,10276
2026-01-4526,-0.4,2094
2026-01-4527,0.28,26437
2026-01-4528,-0.47,15385
2026-01-4529,0.39,26927
2026-01-4530,0.28,28196
2026-01-4531,0.04,14368
2026-01-4532,0.96,12975
2026-01-4533,-0.87,1183
2026-01-4534,0.91,148
2026-01-4535,-0.54,20333
2026-01-4536,0.59,19127
2026-01-4537,0.73,28601
2026-01-4538,-0.93,22495
2026-01-4539,0.52,18835
2026-01-4540,-0.4,19652
2026-01-4541,0.71,18595
2026-01-4542,0.2,7273
2026-01-4543,-0.12,29467
2026-01-4544,0.75,21163
2026-01-4545,-0.88,10474
2026-01-4546,-0.51,27930
2026-01-4547,-0.72,25395
2026-01-4548,0.83,13833
2026-01-4549,0.27,2045
2026-01-4550,-1,21985
2026-01-4551,0.9,9772
2026-01-4552,-0.62,3771
2026-01-4553,0.93,11696
2026-01-4554,0.73,22061
2026-01-4555,0.08,30716
2026-01-4556,0,16739
2026-01-4557,-0.73,13497
2026-01-4558,-0.28,30578
2026-01-4559,-0.11,3772
2026-01-4560,-0.07,7658
2026-01-4561,0.99,7478
2026-01-4562,0.66,29610
2026-01-4563,-0.58,29995
2026-01-4564,0.67,3577
2026-01-4565,-0.46,28454
2026-01-4566,0.92,27602
2026-01-4567,-0.74,29994
2026-01-4568,-0.55,21374
2026-01-4569,0.48,27883
2026-01-4570,-0.56,11881
2026-01-4571,0.75,4670
2026-01-4572,-0.53,22318
2026-01-4573,-0.02,21967
2026-01-4574,0.94,3572
2026-01-4575,-0.33,5138
2026-01-4576,0.91,1789
2026-01-4577,-0.32,14460
2026-01-4578,0.12,18300
2026-01-4579,-0.88,8434
2026-01-4580,-0.23,17575
2026-01-4581,-0.83,21890
2026-01-4582,-0.53,30990
2026-01-4583,0.4,26705
2026-01-4584,-0.16,25643
2026-01-4585,-0.86,4564
2026-01-4586,0,10298
2026-01-4587,-0.18,23875
2026-01-4588,0.7,14923
2026-01-4589,-0.02,31051
2026-01-4590,-0.36,22677
2026-01-4591,-0.77,260
2026-01-4592,0.64,15117
2026-01-4593,-0.33,20770
2026-01-4594,0.19,12855
2026-01-4595,-0.03,15727
2026-01-4596,-0.35,10300
2026-01-4597,-0.12,14969
2026-01-4598,-0.87,14398
2026-01-4599,-0.56,20359
2026-01-4600,-0.5,20456
2026-01-4601,-0.95,25810
2026-01-4602,-0.72,3913
2026-01-4603,-0.8,16882
2026-01-4604,-0.68,23266
2026-01-4605,0.87,20631
2026-01-4606,-0.36,21501
2026-01-4607,0.8,30585
2026-01-4608,0.02,11073
2026-01-4609,-0.47,8594
2026-01-4610,-0.73,388
2026-01-4611,0.54,17802
2026-01-4612,-0.34,19168
2026-01-4613,0.47,371
2026-01-4614,0.37,26633
2026-01-4615,0.12,7862
2026-01-4616,0.2,27101
2026-01-4617,0.55,4685
2026-01-4618,-0.14,13117
2026-01-4619,0.41,19763
2026-01-4620,-0.52,27932
2026-01-4621,-0.33,28953
2026-01-4622,0.46,213
2026-01-4623,0.94,15707
2026-01-4624,-0.25,3266
2026-01-4625,0.29,18482
2026-01-4626,0.08,1802
2026-01-4627,-0.06,22571
2026-01-4628,0.06,698
2026-01-4629,0.55,29144
2026-01-4630,-0.56,19224
2026-01-4631,0.78,28101
2026-01-4632,-0.69,18740
2026-01-4633,0.03,10925
2026-01-4634,0.28,26559
2026-01-4635,0.89,12270
2026-01-4636,-0.51,26912
2026-01-4637,0.88,21563
2026-01-4638,-1,25541
2026-01-4639,0.14,15505
2026-01-4640,-0.56,22711
2026-01-4641,0.75,18284
2026-01-4642,0.06,6258
2026-01-4643,0.97,14394
2026-01-4644,0.59,27123
2026-01-4645,-0.85,14096
2026-01-4646,-0.78,10258
2026-01-4647,-0.27,30876
2026-01-4648,0.96,18706
2026-01-4649,0.05,8795
2026-01-4650,0.87,1143
2026-01-4651,0.41,16139
2026-01-4652,0.88,2839
2026-01-4653,-0.23,22372
2026-01-4654,0.52,1396
2026-01-4655,-0.18,771
2026-01-4656,0.85,19529
2026-01-4657,0.84,1447
2026-01-4658,-0.32,3939
2026-01-4659,0.99,19615
2026-01-4660,0.22,24242
2026-01-4661,0.12,24707
2026-01-4662,-0.69,18848
2026-01-4663,-0.46,7971
2026-01-4664,-0.1,2209
2026-01-4665,-0.42,20925
2026-01-4666,0.27,25868
2026-01-4667,0.64,29555
2026-01-4668,0.05,21289
2026-01-4669,-0.93,15355
2026-01-4670,0.96,29323
2026-01-4671,0.41,17049
2026-01-4672,-0.66,26784
2026-01-4673,-0.74,19786
2026-01-4674,-0.89,18822
2026-01-4675,-0.31,8258
2026-01-4676,-0.89,800
2026-01-4677,-0.96,24985
2026-01-4678,0.03,32362
2026-01-4679,-0.92,25922
2026-01-4680,-0.6,27401
2026-01-4681,0.37,30012
2026-01-4682,0.47,26919
2026-01-4683,-0.09,27148
2026-01-4684,0.6,1405
2026-01-4685,-0.75,10090
2026-01-4686,0.3,15281
2026-01-4687,-0.12,20795
2026-01-4688,-0.62,29411
2026-01-4689,0.84,19647
2026-01-4690,-0.45,10371
2026-01-4691,0.02,25100
2026-01-4692,0.61,15717
2026-01-4693,0.65,4539
2026-01-4694,0.01,6423
2026-01-4695,-0.85,29409
2026-01-4696,-0.47,6002
2026-01-4697,-0.69,11585
2026-01-4698,-0.11,29807
2026-01-4699,0.44,25535
2026-01-4700,-0.36,10812
2026-01-4701,-0.73,8984
2026-01-4702,0.55,30095
2026-01-4703,-0.15,10449
2026-01-4704,-0.62,29755
2026-01-4705,-0.85,5741
2026-01-4706,-0.44,4609
2026-01-4707,-0.81,25827
2026-01-4708,-0.38,14248
2026-01-4709,0.79,11343
2026-01-4710,0.31,28751
2026-01-4711,-0.49,5096
2026-01-4712,-0.02,30979
2026-01-4713,0.38,32306
2026-01-4714,0.91,28301
2026-01-4715,-0.87,17781
2026-01-4716,-0.49,3469
2026-01-4717,-0.14,7277
2026-01-4718,0.42,14541
2026-01-4719,0.55,26435
2026-01-4720,-0.42,14799
2026-01-4721,0.61,8380
2026-01-4722,0.74,28584
2026-01-4723,0.38,8113
2026-01-4724,-0.44,24593
2026-01-4725,0.73,20671
2026-01-4726,-0.69,24252
2026-01-4727,-0.47,14399
2026-01-4728,-0.77,16100
2026-01-4729,-0.64,20600
2026-01-4730,0.66,17192
2026-01-4731,0.46,6164
2026-01-4732,0.03,16281
2026-01-4733,0.52,25809
2026-01-4734,0.33,8722
2026-01-4735,-0.18,20089
2026-01-4736,-0.58,21704
2026-01-4737,-0.31,17940
2026-01-4738,0.36,12065
2026-01-4739,-0.95,11612
2026-01-4740,-0.28,26826
2026-01-4741,0.55,625
2026-01-4742,-0.9,17156
2026-01-4743,0.88,29646
2026-01-4744,-0.32,23614
2026-01-4745,-0.87,28796
2026-01-4746,0.26,25065
2026-01-4747,-0.15,2181
2026-01-4748,-0.71,5256
2026-01-4749,0.88,12716
2026-01-4750,-0.62,20998
2026-01-4751,0.15,17499
2026-01-4752,-0.78,6733
2026-01-4753,-0.32,17629
2026-01-4754,0.43,16916
2026-01-4755,-0.72,19661
2026-01-4756,0.9,18424
2026-01-4757,0.41,10447
2026-01-4758,0.47,32719
2026-01-4759,-0.19,32382
2026-01-4760,-0.11,2105
2026-01-4761,-0.97,3749
2026-01-4762,0.9,15991
2026-01-4763,0.68,26545
2026-01-4764,0.17,9345
2026-01-4765,0.67,7270
2026-01-4766,0.38,27986
2026-01-4767,0.25,21202
2026-01-4768,0.82,9095
2026-01-4769,-0.72,16255
2026-01-4770,0.96,7720
2026-01-4771,0.41,24813
2026-01-4772,0.46,14278
2026-01-4773,-0.73,3903
2026-01-4774,0.24,31686
2026-01-4775,0.86,13365
2026-01-4776,0.97,15868
2026-01-4777,-0.84,16218
2026-01-4778,0.44,20604
2026-01-4779,0.63,10879
2026-01-4780,-0.85,19372
2026-01-4781,-0.57,8807
2026-01-4782,-0.83,7326
2026-01-4783,-0.83,10180
2026-01-4784,-0.43,19869
2026-01-4785,0.36,15458
2026-01-4786,0,15622
2026-01-4787,-0.26,28835
2026-01-4788,-0.72,13914
2026-01-4789,0.58,25899
2026-01-4790,-0.73,8592
2026-01-4791,0.21,5340
2026-01-4792,-0.11,15536
2026-01-4793,-0.57,31493
2026-01-4794,0.46,5021
2026-01-4795,-0.72,27094
2026-01-4796,-0.82,10802
2026-01-4797,0.43,9496
2026-01-4798,-0.73,3217
2026-01-4799,-0.15,5403
2026-01-4800,-0.28,14776
2026-01-4801,-0.15,9711
2026-01-4802,-0.34,7254
2026-01-4803,0.54,9942
2026-01-4804,-0.57,1500
2026-01-4805,0.5,15866
2026-01-4806,-0.91,24534
2026-01-4807,0.98,17500
2026-01-4808,0.82,1916
2026-01-4809,-0.15,7693
2026-01-4810,-0.47,1924
2026-01-4811,-0.79,25248
2026-01-4812,0.11,9275
2026-01-4813,-0.57,27103
2026-01-4814,-0.77,28116
2026-01-4815,0.23,4285
2026-01-4816,-0.97,19712
2026-01-4817,0.17,19084
2026-01-4818,-0.31,15807
2026-01-4819,0.66,21104
2026-01-4820,0.84,11381
2026-01-4821,-0.35,4372
2026-01-4822,-0.7,10560
2026-01-4823,-0.13,2715
2026-01-4824,0.45,25993
2026-01-4825,-0.79,26842
2026-01-4826,-0.35,12249
2026-01-4827,0.58,30148
2026-01-4828,0.66,25070
2026-01-4829,-0.04,6693
2026-01-4830,0.03,29967
2026-01-4831,-0.17,13460
2026-01-4832,0.14,12444
2026-01-4833,-0.85,23714
2026-01-4834,0.24,9961
2026-01-4835,0.25,26200
2026-01-4836,-0.33,29772
2026-01-4837,-0.51,14817
2026-01-4838,-0.82,29813
2026-01-4839,0.58,21379
2026-01-4840,-0.31,25086
2026-01-4841,-0.25,32724
2026-01-4842,-0.54,5187
2026-01-4843,0.17,10282
2026-01-4844,-0.29,20340
2026-01-4845,0.01,17235
2026-01-4846,-0.75,23273
2026-01-4847,0.47,16006
2026-01-4848,0.88,20917
2026-01-4849,-0.57,29338
2026-01-4850,0.84,24957
2026-01-4851,-0.61,31094
2026-01-4852,-0.4,27531
2026-01-4853,-0.47,30665
2026-01-4854,-0.63,15390
2026-01-4855,0.71,12027
2026-01-4856,-0.03,19460
2026-01-4857,0.84,27491
2026-01-4858,-0.01,16491
2026-01-4859,0.4,8890
2026-01-4860,0.06,7413
2026-01-4861,-0.02,22223
2026-01-4862,0.9,23562
2026-01-4863,0.25,4221
2026-01-4864,0.95,24946
2026-01-4865,0.78,1754
2026-01-4866,-0.99,31523
2026-01-4867,-0.87,18098
2026-01-4868,0.46,25687
2026-01-4869,-0.22,28212
2026-01-4870,0.18,32482
2026-01-4871,-0.16,20714
2026-01-4872,0.56,14019
2026-01-4873,-0.42,6127
2026-01-4874,0.3,17401
2026-01-4875,-0.74,12892
2026-01-4876,0.66,16024
2026-01-4877,0.44,10755
2026-01-4878,0.02,14619
2026-01-4879,-0.12,12384
2026-01-4880,-0.79,21756
2026-01-4881,-0.65,30668
2026-01-4882,0.99,1410
2026-01-4883,-0.87,11508
2026-01-4884,0.35,29915
2026-01-4885,0.62,9354
2026-01-4886,0.02,16234
2026-01-4887,0.15,4410
2026-01-4888,-0.37,31074
2026-01-4889,-0.08,21984
2026-01-4890,-0.19,12948
2026-01-4891,-0.6,18424
2026-01-4892,0.01,27781
2026-01-4893,0.02,30293
2026-01-4894,-0.04,14020
2026-01-4895,0.01,18455
2026-01-4896,0.79,25978
2026-01-4897,-0.86,2007
2026-01-4898,-0.27,5699
2026-01-4899,-0.34,12068
2026-01-4900,0.85,30524
2026-01-4901,0.64,1587
2026-01-4902,-0.71,1118
2026-01-4903,0.11,27602
2026-01-4904,0.22,12042
2026-01-4905,0.87,22942
2026-01-4906,-0.03,9188
2026-01-4907,0.72,30838
2026-01-4908,-0.87,8933
2026-01-4909,0.48,22831
2026-01-4910,0.5,7596
2026-01-4911,-0.41,9609
2026-01-4912,-0.71,4117
2026-01-4913,0.24,23906
2026-01-4914,0.21,18189
2026-01-4915,-0.75,29738
2026-01-4916,-0.91,2469
2026-01-4917,-0.19,25239
2026-01-4918,0.07,22629
2026-01-4919,0.13,154
2026-01-4920,-0.15,14050
2026-01-4921,0.93,15249
2026-01-4922,0.94,13202
2026-01-4923,-0.92,31934
2026-01-4924,0.27,8672
2026-01-4925,0.07,21496
2026-01-4926,0.42,14972
2026-01-4927,-0.5,15008
2026-01-4928,-0.81,5621
2026-01-4929,-0.17,727
2026-01-4930,0.73,13705
2026-01-4931,-0.56,18158
2026-01-4932,0.75,3644
2026-01-4933,-0.09,27934
2026-01-4934,0.52,18983
2026-01-4935,-0.76,4986
2026-01-4936,-0.37,13331
2026-01-4937,0.01,30753
2026-01-4938,0.55,326
2026-01-4939,0.96,12728
2026-01-4940,-0.49,28061
2026-01-4941,-0.9,19480
2026-01-4942,0.53,24027
2026-01-4943,-0.09,7491
2026-01-4944,-0.48,31809
2026-01-4945,0.26,26269
2026-01-4946,0.34,863
2026-01-4947,0.3,5721
2026-01-4948,-0.33,11049
2026-01-4949,-0.83,15665
2026-01-4950,-0.89,27725
2026-01-4951,0.08,3162
2026-01-4952,-0.5,3524
2026-01-4953,-0.85,28599
2026-01-4954,-0.3,12455
2026-01-4955,0.11,6221
2026-01-4956,-0.2,20037
2026-01-4957,0.69,2807
2026-01-4958,0.35,23666
2026-01-4959,-0.08,1882
2026-01-4960,-0.51,3106
2026-01-4961,0.94,23324
2026-01-4962,-0.56,22070
2026-01-4963,-0.41,30033
2026-01-4964,0.56,19093
2026-01-4965,-0.09,20022
2026-01-4966,-0.95,21887
2026-01-4967,0.57,30498
2026-01-4968,-0.72,28446
2026-01-4969,0.2,26297
2026-01-4970,0.29,26974
2026-01-4971,-0.11,21859
2026-01-4972,-0.36,20479
2026-01-4973,-0.28,15869
2026-01-4974,-0.92,3817
2026-01-4975,-0.37,22222
2026-01-4976,-0.82,21183
2026-01-4977,0.77,5820
2026-01-4978,-0.22,22454
2026-01-4979,-0.36,6847
2026-01-4980,-0.97,6824
2026-01-4981,-0.74,32663
2026-01-4982,0.91,8292
2026-01-4983,-0.08,954
2026-01-4984,-0.7,18249
2026-01-4985,0.75,1425
2026-01-4986,-0.07,22291
2026-01-4987,0.62,12771
2026-01-4988,0.37,17140
2026-01-4989,-0.12,30354
2026-01-4990,0.63,20967
2026-01-4991,-0.64,3461
2026-01-4992,0.19,8513
2026-01-4993,0.06,13285
2026-01-4994,0.5,13704
2026-01-4995,-0.6,24972
2026-01-4996,0.53,3465
2026-01-4997,-0.55,5306
2026-01-4998,0.26,27557
2026-01-4999,-0.04,1546
2026-01-5000,-0.2,18796
